ts,area,status,tag,count
2026-05-20,,,アパート,1
2026-05-20,,,ビル,1
2026-05-20,,,マンション,97
2026-05-20,,,別荘地,89
2026-05-20,,,土地,962
2026-05-20,,,土地及び建物,754
2026-05-20,,,平屋,4
2026-05-20,,,建物,33
2026-05-20,,,農地,1
2026-05-20,,募集中,,192
2026-05-20,,募集中,アパート,0
2026-05-20,,募集中,ビル,0
2026-05-20,,募集中,マンション,7
2026-05-20,,募集中,別荘地,7
2026-05-20,,募集中,土地,128
2026-05-20,,募集中,土地及び建物,53
2026-05-20,,募集中,平屋,0
2026-05-20,,募集中,建物,4
2026-05-20,,募集中,農地,1
2026-05-20,,取引中止,,93
2026-05-20,,取引中止,アパート,1
2026-05-20,,取引中止,ビル,0
2026-05-20,,取引中止,マンション,3
2026-05-20,,取引中止,別荘地,5
2026-05-20,,取引中止,土地,33
2026-05-20,,取引中止,土地及び建物,52
2026-05-20,,取引中止,平屋,0
2026-05-20,,取引中止,建物,5
2026-05-20,,取引中止,農地,0
2026-05-20,,受付停止,,131
2026-05-20,,受付停止,アパート,0
2026-05-20,,受付停止,ビル,0
2026-05-20,,受付停止,マンション,10
2026-05-20,,受付停止,別荘地,0
2026-05-20,,受付停止,土地,64
2026-05-20,,受付停止,土地及び建物,56
2026-05-20,,受付停止,平屋,0
2026-05-20,,受付停止,建物,1
2026-05-20,,受付停止,農地,0
2026-05-20,,成約済,,1431
2026-05-20,,成約済,アパート,0
2026-05-20,,成約済,ビル,1
2026-05-20,,成約済,マンション,77
2026-05-20,,成約済,別荘地,76
2026-05-20,,成約済,土地,737
2026-05-20,,成約済,土地及び建物,594
2026-05-20,,成約済,平屋,4
2026-05-20,,成約済,建物,23
2026-05-20,,成約済,農地,0
2026-05-20,中国,,,166
2026-05-20,中国,,アパート,0
2026-05-20,中国,,ビル,0
2026-05-20,中国,,マンション,0
2026-05-20,中国,,別荘地,1
2026-05-20,中国,,土地,58
2026-05-20,中国,,土地及び建物,104
2026-05-20,中国,,平屋,2
2026-05-20,中国,,建物,4
2026-05-20,中国,,農地,1
2026-05-20,中国,募集中,,26
2026-05-20,中国,募集中,アパート,0
2026-05-20,中国,募集中,ビル,0
2026-05-20,中国,募集中,マンション,0
2026-05-20,中国,募集中,別荘地,0
2026-05-20,中国,募集中,土地,14
2026-05-20,中国,募集中,土地及び建物,12
2026-05-20,中国,募集中,平屋,0
2026-05-20,中国,募集中,建物,0
2026-05-20,中国,募集中,農地,1
2026-05-20,中国,取引中止,,6
2026-05-20,中国,取引中止,アパート,0
2026-05-20,中国,取引中止,ビル,0
2026-05-20,中国,取引中止,マンション,0
2026-05-20,中国,取引中止,別荘地,0
2026-05-20,中国,取引中止,土地,2
2026-05-20,中国,取引中止,土地及び建物,3
2026-05-20,中国,取引中止,平屋,0
2026-05-20,中国,取引中止,建物,1
2026-05-20,中国,取引中止,農地,0
2026-05-20,中国,受付停止,,15
2026-05-20,中国,受付停止,アパート,0
2026-05-20,中国,受付停止,ビル,0
2026-05-20,中国,受付停止,マンション,0
2026-05-20,中国,受付停止,別荘地,0
2026-05-20,中国,受付停止,土地,6
2026-05-20,中国,受付停止,土地及び建物,9
2026-05-20,中国,受付停止,平屋,0
2026-05-20,中国,受付停止,建物,0
2026-05-20,中国,受付停止,農地,0
2026-05-20,中国,成約済,,119
2026-05-20,中国,成約済,アパート,0
2026-05-20,中国,成約済,ビル,0
2026-05-20,中国,成約済,マンション,0
2026-05-20,中国,成約済,別荘地,1
2026-05-20,中国,成約済,土地,36
2026-05-20,中国,成約済,土地及び建物,80
2026-05-20,中国,成約済,平屋,2
2026-05-20,中国,成約済,建物,3
2026-05-20,中国,成約済,農地,0
2026-05-20,九州・沖縄,,,131
2026-05-20,九州・沖縄,,アパート,0
2026-05-20,九州・沖縄,,ビル,0
2026-05-20,九州・沖縄,,マンション,0
2026-05-20,九州・沖縄,,別荘地,0
2026-05-20,九州・沖縄,,土地,66
2026-05-20,九州・沖縄,,土地及び建物,64
2026-05-20,九州・沖縄,,平屋,1
2026-05-20,九州・沖縄,,建物,1
2026-05-20,九州・沖縄,,農地,0
2026-05-20,九州・沖縄,募集中,,16
2026-05-20,九州・沖縄,募集中,アパート,0
2026-05-20,九州・沖縄,募集中,ビル,0
2026-05-20,九州・沖縄,募集中,マンション,0
2026-05-20,九州・沖縄,募集中,別荘地,0
2026-05-20,九州・沖縄,募集中,土地,10
2026-05-20,九州・沖縄,募集中,土地及び建物,6
2026-05-20,九州・沖縄,募集中,平屋,0
2026-05-20,九州・沖縄,募集中,建物,0
2026-05-20,九州・沖縄,募集中,農地,0
2026-05-20,九州・沖縄,取引中止,,5
2026-05-20,九州・沖縄,取引中止,アパート,0
2026-05-20,九州・沖縄,取引中止,ビル,0
2026-05-20,九州・沖縄,取引中止,マンション,0
2026-05-20,九州・沖縄,取引中止,別荘地,0
2026-05-20,九州・沖縄,取引中止,土地,1
2026-05-20,九州・沖縄,取引中止,土地及び建物,4
2026-05-20,九州・沖縄,取引中止,平屋,0
2026-05-20,九州・沖縄,取引中止,建物,0
2026-05-20,九州・沖縄,取引中止,農地,0
2026-05-20,九州・沖縄,受付停止,,12
2026-05-20,九州・沖縄,受付停止,アパート,0
2026-05-20,九州・沖縄,受付停止,ビル,0
2026-05-20,九州・沖縄,受付停止,マンション,0
2026-05-20,九州・沖縄,受付停止,別荘地,0
2026-05-20,九州・沖縄,受付停止,土地,7
2026-05-20,九州・沖縄,受付停止,土地及び建物,5
2026-05-20,九州・沖縄,受付停止,平屋,0
2026-05-20,九州・沖縄,受付停止,建物,0
2026-05-20,九州・沖縄,受付停止,農地,0
2026-05-20,九州・沖縄,成約済,,98
2026-05-20,九州・沖縄,成約済,アパート,0
2026-05-20,九州・沖縄,成約済,ビル,0
2026-05-20,九州・沖縄,成約済,マンション,0
2026-05-20,九州・沖縄,成約済,別荘地,0
2026-05-20,九州・沖縄,成約済,土地,48
2026-05-20,九州・沖縄,成約済,土地及び建物,49
2026-05-20,九州・沖縄,成約済,平屋,1
2026-05-20,九州・沖縄,成約済,建物,1
2026-05-20,九州・沖縄,成約済,農地,0
2026-05-20,北海道,,,315
2026-05-20,北海道,,アパート,1
2026-05-20,北海道,,ビル,1
2026-05-20,北海道,,マンション,3
2026-05-20,北海道,,別荘地,0
2026-05-20,北海道,,土地,82
2026-05-20,北海道,,土地及び建物,214
2026-05-20,北海道,,平屋,0
2026-05-20,北海道,,建物,16
2026-05-20,北海道,,農地,0
2026-05-20,北海道,募集中,,14
2026-05-20,北海道,募集中,アパート,0
2026-05-20,北海道,募集中,ビル,0
2026-05-20,北海道,募集中,マンション,0
2026-05-20,北海道,募集中,別荘地,0
2026-05-20,北海道,募集中,土地,3
2026-05-20,北海道,募集中,土地及び建物,7
2026-05-20,北海道,募集中,平屋,0
2026-05-20,北海道,募集中,建物,4
2026-05-20,北海道,募集中,農地,0
2026-05-20,北海道,取引中止,,20
2026-05-20,北海道,取引中止,アパート,1
2026-05-20,北海道,取引中止,ビル,0
2026-05-20,北海道,取引中止,マンション,0
2026-05-20,北海道,取引中止,別荘地,0
2026-05-20,北海道,取引中止,土地,2
2026-05-20,北海道,取引中止,土地及び建物,14
2026-05-20,北海道,取引中止,平屋,0
2026-05-20,北海道,取引中止,建物,4
2026-05-20,北海道,取引中止,農地,0
2026-05-20,北海道,受付停止,,15
2026-05-20,北海道,受付停止,アパート,0
2026-05-20,北海道,受付停止,ビル,0
2026-05-20,北海道,受付停止,マンション,0
2026-05-20,北海道,受付停止,別荘地,0
2026-05-20,北海道,受付停止,土地及び建物,13
2026-05-20,北海道,受付停止,平屋,0
2026-05-20,北海道,受付停止,建物,0
2026-05-20,北海道,受付停止,農地,0
2026-05-20,北海道,成約済,,268
2026-05-20,北海道,成約済,アパート,0
2026-05-20,北海道,成約済,ビル,1
2026-05-20,北海道,成約済,マンション,3
2026-05-20,北海道,成約済,別荘地,0
2026-05-20,北海道,成約済,土地,76
2026-05-20,北海道,成約済,土地及び建物,181
2026-05-20,北海道,成約済,平屋,0
2026-05-20,北海道,成約済,建物,8
2026-05-20,北海道,成約済,農地,0
2026-05-20,北陸,,,43
2026-05-20,北陸,,アパート,0
2026-05-20,北陸,,ビル,0
2026-05-20,北陸,,マンション,2
2026-05-20,北陸,,別荘地,0
2026-05-20,北陸,,土地,18
2026-05-20,北陸,,土地及び建物,23
2026-05-20,北陸,,平屋,0
2026-05-20,北陸,,建物,0
2026-05-20,北陸,,農地,0
2026-05-20,北陸,募集中,,4
2026-05-20,北陸,募集中,アパート,0
2026-05-20,北陸,募集中,ビル,0
2026-05-20,北陸,募集中,マンション,0
2026-05-20,北陸,募集中,別荘地,0
2026-05-20,北陸,募集中,土地,4
2026-05-20,北陸,募集中,土地及び建物,0
2026-05-20,北陸,募集中,平屋,0
2026-05-20,北陸,募集中,建物,0
2026-05-20,北陸,募集中,農地,0
2026-05-20,北陸,取引中止,,1
2026-05-20,北陸,取引中止,アパート,0
2026-05-20,北陸,取引中止,ビル,0
2026-05-20,北陸,取引中止,マンション,0
2026-05-20,北陸,取引中止,別荘地,0
2026-05-20,北陸,取引中止,土地,0
2026-05-20,北陸,取引中止,土地及び建物,1
2026-05-20,北陸,取引中止,平屋,0
2026-05-20,北陸,取引中止,建物,0
2026-05-20,北陸,取引中止,農地,0
2026-05-20,北陸,受付停止,,5
2026-05-20,北陸,受付停止,アパート,0
2026-05-20,北陸,受付停止,ビル,0
2026-05-20,北陸,受付停止,マンション,0
2026-05-20,北陸,受付停止,別荘地,0
2026-05-20,北陸,受付停止,土地,1
2026-05-20,北陸,受付停止,土地及び建物,4
2026-05-20,北陸,受付停止,平屋,0
2026-05-20,北陸,受付停止,建物,0
2026-05-20,北陸,受付停止,農地,0
2026-05-20,北陸,成約済,,33
2026-05-20,北陸,成約済,アパート,0
2026-05-20,北陸,成約済,ビル,0
2026-05-20,北陸,成約済,マンション,2
2026-05-20,北陸,成約済,別荘地,0
2026-05-20,北陸,成約済,土地,13
2026-05-20,北陸,成約済,土地及び建物,18
2026-05-20,北陸,成約済,平屋,0
2026-05-20,北陸,成約済,建物,0
2026-05-20,北陸,成約済,農地,0
2026-05-20,四国,,,86
2026-05-20,四国,,アパート,0
2026-05-20,四国,,ビル,0
2026-05-20,四国,,マンション,21
2026-05-20,四国,,別荘地,0
2026-05-20,四国,,土地,20
2026-05-20,四国,,土地及び建物,44
2026-05-20,四国,,平屋,1
2026-05-20,四国,,建物,1
2026-05-20,四国,,農地,0
2026-05-20,四国,募集中,,9
2026-05-20,四国,募集中,アパート,0
2026-05-20,四国,募集中,ビル,0
2026-05-20,四国,募集中,マンション,3
2026-05-20,四国,募集中,別荘地,0
2026-05-20,四国,募集中,土地,4
2026-05-20,四国,募集中,土地及び建物,2
2026-05-20,四国,募集中,平屋,0
2026-05-20,四国,募集中,建物,0
2026-05-20,四国,募集中,農地,0
2026-05-20,四国,取引中止,,1
2026-05-20,四国,取引中止,アパート,0
2026-05-20,四国,取引中止,ビル,0
2026-05-20,四国,取引中止,マンション,0
2026-05-20,四国,取引中止,別荘地,0
2026-05-20,四国,取引中止,土地,1
2026-05-20,四国,取引中止,土地及び建物,0
2026-05-20,四国,取引中止,平屋,0
2026-05-20,四国,取引中止,建物,0
2026-05-20,四国,取引中止,農地,0
2026-05-20,四国,受付停止,,4
2026-05-20,四国,受付停止,アパート,0
2026-05-20,四国,受付停止,ビル,0
2026-05-20,四国,受付停止,マンション,2
2026-05-20,四国,受付停止,別荘地,0
2026-05-20,四国,受付停止,土地,1
2026-05-20,四国,受付停止,土地及び建物,1
2026-05-20,四国,受付停止,平屋,0
2026-05-20,四国,受付停止,建物,0
2026-05-20,四国,受付停止,農地,0
2026-05-20,四国,成約済,,72
2026-05-20,四国,成約済,アパート,0
2026-05-20,四国,成約済,ビル,0
2026-05-20,四国,成約済,マンション,16
2026-05-20,四国,成約済,別荘地,0
2026-05-20,四国,成約済,土地,14
2026-05-20,四国,成約済,土地及び建物,41
2026-05-20,四国,成約済,平屋,1
2026-05-20,四国,成約済,建物,1
2026-05-20,四国,成約済,農地,0
2026-05-20,東北,,,137
2026-05-20,東北,,アパート,0
2026-05-20,東北,,ビル,0
2026-05-20,東北,,マンション,0
2026-05-20,東北,,別荘地,0
2026-05-20,東北,,土地,48
2026-05-20,東北,,土地及び建物,88
2026-05-20,東北,,平屋,0
2026-05-20,東北,,建物,1
2026-05-20,東北,,農地,0
2026-05-20,東北,募集中,,21
2026-05-20,東北,募集中,アパート,0
2026-05-20,東北,募集中,ビル,0
2026-05-20,東北,募集中,マンション,0
2026-05-20,東北,募集中,別荘地,0
2026-05-20,東北,募集中,土地,11
2026-05-20,東北,募集中,土地及び建物,10
2026-05-20,東北,募集中,平屋,0
2026-05-20,東北,募集中,建物,0
2026-05-20,東北,募集中,農地,0
2026-05-20,東北,取引中止,,10
2026-05-20,東北,取引中止,アパート,0
2026-05-20,東北,取引中止,ビル,0
2026-05-20,東北,取引中止,マンション,0
2026-05-20,東北,取引中止,別荘地,0
2026-05-20,東北,取引中止,土地,2
2026-05-20,東北,取引中止,土地及び建物,8
2026-05-20,東北,取引中止,平屋,0
2026-05-20,東北,取引中止,建物,0
2026-05-20,東北,取引中止,農地,0
2026-05-20,東北,受付停止,,11
2026-05-20,東北,受付停止,アパート,0
2026-05-20,東北,受付停止,ビル,0
2026-05-20,東北,受付停止,マンション,0
2026-05-20,東北,受付停止,別荘地,0
2026-05-20,東北,受付停止,土地,4
2026-05-20,東北,受付停止,土地及び建物,7
2026-05-20,東北,受付停止,平屋,0
2026-05-20,東北,受付停止,建物,0
2026-05-20,東北,受付停止,農地,0
2026-05-20,東北,成約済,,95
2026-05-20,東北,成約済,アパート,0
2026-05-20,東北,成約済,ビル,0
2026-05-20,東北,成約済,マンション,0
2026-05-20,東北,成約済,別荘地,0
2026-05-20,東北,成約済,土地,31
2026-05-20,東北,成約済,土地及び建物,63
2026-05-20,東北,成約済,平屋,0
2026-05-20,東北,成約済,建物,1
2026-05-20,東北,成約済,農地,0
2026-05-20,東海,,,244
2026-05-20,東海,,アパート,0
2026-05-20,東海,,ビル,0
2026-05-20,東海,,マンション,7
2026-05-20,東海,,別荘地,45
2026-05-20,東海,,土地,177
2026-05-20,東海,,土地及び建物,57
2026-05-20,東海,,平屋,0
2026-05-20,東海,,建物,3
2026-05-20,東海,,農地,0
2026-05-20,東海,募集中,,33
2026-05-20,東海,募集中,アパート,0
2026-05-20,東海,募集中,ビル,0
2026-05-20,東海,募集中,マンション,2
2026-05-20,東海,募集中,別荘地,5
2026-05-20,東海,募集中,土地,27
2026-05-20,東海,募集中,土地及び建物,4
2026-05-20,東海,募集中,平屋,0
2026-05-20,東海,募集中,建物,0
2026-05-20,東海,募集中,農地,0
2026-05-20,東海,取引中止,,12
2026-05-20,東海,取引中止,アパート,0
2026-05-20,東海,取引中止,ビル,0
2026-05-20,東海,取引中止,マンション,1
2026-05-20,東海,取引中止,別荘地,2
2026-05-20,東海,取引中止,土地,6
2026-05-20,東海,取引中止,土地及び建物,5
2026-05-20,東海,取引中止,平屋,0
2026-05-20,東海,取引中止,建物,0
2026-05-20,東海,取引中止,農地,0
2026-05-20,東海,受付停止,,11
2026-05-20,東海,受付停止,アパート,0
2026-05-20,東海,受付停止,ビル,0
2026-05-20,東海,受付停止,マンション,1
2026-05-20,東海,受付停止,別荘地,0
2026-05-20,東海,受付停止,土地,7
2026-05-20,東海,受付停止,土地及び建物,3
2026-05-20,東海,受付停止,平屋,0
2026-05-20,東海,受付停止,建物,0
2026-05-20,東海,受付停止,農地,0
2026-05-20,東海,成約済,,187
2026-05-20,東海,成約済,アパート,0
2026-05-20,東海,成約済,ビル,0
2026-05-20,東海,成約済,マンション,3
2026-05-20,東海,成約済,別荘地,37
2026-05-20,東海,成約済,土地,136
2026-05-20,東海,成約済,土地及び建物,45
2026-05-20,東海,成約済,平屋,0
2026-05-20,東海,成約済,建物,3
2026-05-20,東海,成約済,農地,0
2026-05-20,甲信越,,,217
2026-05-20,甲信越,,アパート,0
2026-05-20,甲信越,,ビル,0
2026-05-20,甲信越,,マンション,42
2026-05-20,甲信越,,別荘地,22
2026-05-20,甲信越,,土地,100
2026-05-20,甲信越,,土地及び建物,72
2026-05-20,甲信越,,平屋,0
2026-05-20,甲信越,,建物,3
2026-05-20,甲信越,,農地,0
2026-05-20,甲信越,募集中,,18
2026-05-20,甲信越,募集中,アパート,0
2026-05-20,甲信越,募集中,ビル,0
2026-05-20,甲信越,募集中,マンション,1
2026-05-20,甲信越,募集中,別荘地,1
2026-05-20,甲信越,募集中,土地,11
2026-05-20,甲信越,募集中,土地及び建物,6
2026-05-20,甲信越,募集中,平屋,0
2026-05-20,甲信越,募集中,建物,0
2026-05-20,甲信越,募集中,農地,0
2026-05-20,甲信越,取引中止,,13
2026-05-20,甲信越,取引中止,アパート,0
2026-05-20,甲信越,取引中止,ビル,0
2026-05-20,甲信越,取引中止,マンション,1
2026-05-20,甲信越,取引中止,別荘地,0
2026-05-20,甲信越,取引中止,土地,4
2026-05-20,甲信越,取引中止,土地及び建物,8
2026-05-20,甲信越,取引中止,平屋,0
2026-05-20,甲信越,取引中止,建物,0
2026-05-20,甲信越,取引中止,農地,0
2026-05-20,甲信越,受付停止,,22
2026-05-20,甲信越,受付停止,アパート,0
2026-05-20,甲信越,受付停止,ビル,0
2026-05-20,甲信越,受付停止,マンション,4
2026-05-20,甲信越,受付停止,別荘地,0
2026-05-20,甲信越,受付停止,土地,12
2026-05-20,甲信越,受付停止,土地及び建物,6
2026-05-20,甲信越,受付停止,平屋,0
2026-05-20,甲信越,受付停止,建物,0
2026-05-20,甲信越,受付停止,農地,0
2026-05-20,甲信越,成約済,,164
2026-05-20,甲信越,成約済,アパート,0
2026-05-20,甲信越,成約済,ビル,0
2026-05-20,甲信越,成約済,マンション,36
2026-05-20,甲信越,成約済,別荘地,21
2026-05-20,甲信越,成約済,土地,73
2026-05-20,甲信越,成約済,土地及び建物,52
2026-05-20,甲信越,成約済,平屋,0
2026-05-20,甲信越,成約済,建物,3
2026-05-20,甲信越,成約済,農地,0
2026-05-20,近畿,,,109
2026-05-20,近畿,,アパート,0
2026-05-20,近畿,,ビル,0
2026-05-20,近畿,,マンション,5
2026-05-20,近畿,,別荘地,3
2026-05-20,近畿,,土地,60
2026-05-20,近畿,,土地及び建物,42
2026-05-20,近畿,,平屋,0
2026-05-20,近畿,,建物,2
2026-05-20,近畿,,農地,0
2026-05-20,近畿,募集中,,13
2026-05-20,近畿,募集中,アパート,0
2026-05-20,近畿,募集中,ビル,0
2026-05-20,近畿,募集中,マンション,0
2026-05-20,近畿,募集中,別荘地,1
2026-05-20,近畿,募集中,土地,9
2026-05-20,近畿,募集中,土地及び建物,4
2026-05-20,近畿,募集中,平屋,0
2026-05-20,近畿,募集中,建物,0
2026-05-20,近畿,募集中,農地,0
2026-05-20,近畿,取引中止,,11
2026-05-20,近畿,取引中止,アパート,0
2026-05-20,近畿,取引中止,ビル,0
2026-05-20,近畿,取引中止,マンション,0
2026-05-20,近畿,取引中止,別荘地,0
2026-05-20,近畿,取引中止,土地,3
2026-05-20,近畿,取引中止,土地及び建物,8
2026-05-20,近畿,取引中止,平屋,0
2026-05-20,近畿,取引中止,建物,0
2026-05-20,近畿,取引中止,農地,0
2026-05-20,近畿,受付停止,,9
2026-05-20,近畿,受付停止,アパート,0
2026-05-20,近畿,受付停止,ビル,0
2026-05-20,近畿,受付停止,マンション,0
2026-05-20,近畿,受付停止,別荘地,0
2026-05-20,近畿,受付停止,土地,4
2026-05-20,近畿,受付停止,土地及び建物,4
2026-05-20,近畿,受付停止,平屋,0
2026-05-20,近畿,受付停止,建物,1
2026-05-20,近畿,受付停止,農地,0
2026-05-20,近畿,成約済,,76
2026-05-20,近畿,成約済,アパート,0
2026-05-20,近畿,成約済,ビル,0
2026-05-20,近畿,成約済,マンション,5
2026-05-20,近畿,成約済,別荘地,2
2026-05-20,近畿,成約済,土地,44
2026-05-20,近畿,成約済,土地及び建物,26
2026-05-20,近畿,成約済,平屋,0
2026-05-20,近畿,成約済,建物,1
2026-05-20,近畿,成約済,農地,0
2026-05-20,関東,,,397
2026-05-20,関東,,アパート,0
2026-05-20,関東,,ビル,0
2026-05-20,関東,,マンション,17
2026-05-20,関東,,別荘地,18
2026-05-20,関東,,土地,333
2026-05-20,関東,,土地及び建物,45
2026-05-20,関東,,平屋,0
2026-05-20,関東,,建物,2
2026-05-20,関東,,農地,0
2026-05-20,関東,募集中,,38
2026-05-20,関東,募集中,アパート,0
2026-05-20,関東,募集中,ビル,0
2026-05-20,関東,募集中,マンション,1
2026-05-20,関東,募集中,別荘地,0
2026-05-20,関東,募集中,土地,35
2026-05-20,関東,募集中,土地及び建物,2
2026-05-20,関東,募集中,平屋,0
2026-05-20,関東,募集中,建物,0
2026-05-20,関東,募集中,農地,0
2026-05-20,関東,取引中止,,14
2026-05-20,関東,取引中止,アパート,0
2026-05-20,関東,取引中止,ビル,0
2026-05-20,関東,取引中止,マンション,1
2026-05-20,関東,取引中止,別荘地,3
2026-05-20,関東,取引中止,土地,12
2026-05-20,関東,取引中止,土地及び建物,1
2026-05-20,関東,取引中止,平屋,0
2026-05-20,関東,取引中止,建物,0
2026-05-20,関東,取引中止,農地,0
2026-05-20,関東,受付停止,,27
2026-05-20,関東,受付停止,アパート,0
2026-05-20,関東,受付停止,ビル,0
2026-05-20,関東,受付停止,マンション,3
2026-05-20,関東,受付停止,別荘地,0
2026-05-20,関東,受付停止,土地,20
2026-05-20,関東,受付停止,土地及び建物,4
2026-05-20,関東,受付停止,平屋,0
2026-05-20,関東,受付停止,建物,0
2026-05-20,関東,受付停止,農地,0
2026-05-20,関東,成約済,,318
2026-05-20,関東,成約済,アパート,0
2026-05-20,関東,成約済,ビル,0
2026-05-20,関東,成約済,マンション,12
2026-05-20,関東,成約済,別荘地,15
2026-05-20,関東,成約済,土地,266
2026-05-20,関東,成約済,土地及び建物,38
2026-05-20,関東,成約済,平屋,0
2026-05-20,関東,成約済,建物,2
2026-05-20,関東,成約済,農地,0
2026-05-21,,,アパート,1
2026-05-21,,,ビル,1
2026-05-21,,,マンション,97
2026-05-21,,,別荘地,89
2026-05-21,,,土地,962
2026-05-21,,,土地及び建物,754
2026-05-21,,,平屋,4
2026-05-21,,,建物,33
2026-05-21,,,農地,1
2026-05-21,,募集中,,191
2026-05-21,,募集中,アパート,0
2026-05-21,,募集中,ビル,0
2026-05-21,,募集中,マンション,7
2026-05-21,,募集中,別荘地,7
2026-05-21,,募集中,土地,127
2026-05-21,,募集中,土地及び建物,53
2026-05-21,,募集中,平屋,0
2026-05-21,,募集中,建物,4
2026-05-21,,募集中,農地,1
2026-05-21,,取引中止,,93
2026-05-21,,取引中止,アパート,1
2026-05-21,,取引中止,ビル,0
2026-05-21,,取引中止,マンション,3
2026-05-21,,取引中止,別荘地,5
2026-05-21,,取引中止,土地,33
2026-05-21,,取引中止,土地及び建物,52
2026-05-21,,取引中止,平屋,0
2026-05-21,,取引中止,建物,5
2026-05-21,,取引中止,農地,0
2026-05-21,,受付停止,,132
2026-05-21,,受付停止,アパート,0
2026-05-21,,受付停止,ビル,0
2026-05-21,,受付停止,マンション,10
2026-05-21,,受付停止,別荘地,0
2026-05-21,,受付停止,土地,65
2026-05-21,,受付停止,土地及び建物,56
2026-05-21,,受付停止,平屋,0
2026-05-21,,受付停止,建物,1
2026-05-21,,受付停止,農地,0
2026-05-21,,成約済,,1431
2026-05-21,,成約済,アパート,0
2026-05-21,,成約済,ビル,1
2026-05-21,,成約済,マンション,77
2026-05-21,,成約済,別荘地,76
2026-05-21,,成約済,土地,737
2026-05-21,,成約済,土地及び建物,594
2026-05-21,,成約済,平屋,4
2026-05-21,,成約済,建物,23
2026-05-21,,成約済,農地,0
2026-05-21,中国,,,166
2026-05-21,中国,,アパート,0
2026-05-21,中国,,ビル,0
2026-05-21,中国,,マンション,0
2026-05-21,中国,,別荘地,1
2026-05-21,中国,,土地,58
2026-05-21,中国,,土地及び建物,104
2026-05-21,中国,,平屋,2
2026-05-21,中国,,建物,4
2026-05-21,中国,,農地,1
2026-05-21,中国,募集中,,26
2026-05-21,中国,募集中,アパート,0
2026-05-21,中国,募集中,ビル,0
2026-05-21,中国,募集中,マンション,0
2026-05-21,中国,募集中,別荘地,0
2026-05-21,中国,募集中,土地,14
2026-05-21,中国,募集中,土地及び建物,12
2026-05-21,中国,募集中,平屋,0
2026-05-21,中国,募集中,建物,0
2026-05-21,中国,募集中,農地,1
2026-05-21,中国,取引中止,,6
2026-05-21,中国,取引中止,アパート,0
2026-05-21,中国,取引中止,ビル,0
2026-05-21,中国,取引中止,マンション,0
2026-05-21,中国,取引中止,別荘地,0
2026-05-21,中国,取引中止,土地,2
2026-05-21,中国,取引中止,土地及び建物,3
2026-05-21,中国,取引中止,平屋,0
2026-05-21,中国,取引中止,建物,1
2026-05-21,中国,取引中止,農地,0
2026-05-21,中国,受付停止,,15
2026-05-21,中国,受付停止,アパート,0
2026-05-21,中国,受付停止,ビル,0
2026-05-21,中国,受付停止,マンション,0
2026-05-21,中国,受付停止,別荘地,0
2026-05-21,中国,受付停止,土地,6
2026-05-21,中国,受付停止,土地及び建物,9
2026-05-21,中国,受付停止,平屋,0
2026-05-21,中国,受付停止,建物,0
2026-05-21,中国,受付停止,農地,0
2026-05-21,中国,成約済,,119
2026-05-21,中国,成約済,アパート,0
2026-05-21,中国,成約済,ビル,0
2026-05-21,中国,成約済,マンション,0
2026-05-21,中国,成約済,別荘地,1
2026-05-21,中国,成約済,土地,36
2026-05-21,中国,成約済,土地及び建物,80
2026-05-21,中国,成約済,平屋,2
2026-05-21,中国,成約済,建物,3
2026-05-21,中国,成約済,農地,0
2026-05-21,九州・沖縄,,,131
2026-05-21,九州・沖縄,,アパート,0
2026-05-21,九州・沖縄,,ビル,0
2026-05-21,九州・沖縄,,マンション,0
2026-05-21,九州・沖縄,,別荘地,0
2026-05-21,九州・沖縄,,土地,66
2026-05-21,九州・沖縄,,土地及び建物,64
2026-05-21,九州・沖縄,,平屋,1
2026-05-21,九州・沖縄,,建物,1
2026-05-21,九州・沖縄,,農地,0
2026-05-21,九州・沖縄,募集中,,15
2026-05-21,九州・沖縄,募集中,アパート,0
2026-05-21,九州・沖縄,募集中,ビル,0
2026-05-21,九州・沖縄,募集中,マンション,0
2026-05-21,九州・沖縄,募集中,別荘地,0
2026-05-21,九州・沖縄,募集中,土地,9
2026-05-21,九州・沖縄,募集中,土地及び建物,6
2026-05-21,九州・沖縄,募集中,平屋,0
2026-05-21,九州・沖縄,募集中,建物,0
2026-05-21,九州・沖縄,募集中,農地,0
2026-05-21,九州・沖縄,取引中止,,5
2026-05-21,九州・沖縄,取引中止,アパート,0
2026-05-21,九州・沖縄,取引中止,ビル,0
2026-05-21,九州・沖縄,取引中止,マンション,0
2026-05-21,九州・沖縄,取引中止,別荘地,0
2026-05-21,九州・沖縄,取引中止,土地,1
2026-05-21,九州・沖縄,取引中止,土地及び建物,4
2026-05-21,九州・沖縄,取引中止,平屋,0
2026-05-21,九州・沖縄,取引中止,建物,0
2026-05-21,九州・沖縄,取引中止,農地,0
2026-05-21,九州・沖縄,受付停止,,13
2026-05-21,九州・沖縄,受付停止,アパート,0
2026-05-21,九州・沖縄,受付停止,ビル,0
2026-05-21,九州・沖縄,受付停止,マンション,0
2026-05-21,九州・沖縄,受付停止,別荘地,0
2026-05-21,九州・沖縄,受付停止,土地,8
2026-05-21,九州・沖縄,受付停止,土地及び建物,5
2026-05-21,九州・沖縄,受付停止,平屋,0
2026-05-21,九州・沖縄,受付停止,建物,0
2026-05-21,九州・沖縄,受付停止,農地,0
2026-05-21,九州・沖縄,成約済,,98
2026-05-21,九州・沖縄,成約済,アパート,0
2026-05-21,九州・沖縄,成約済,ビル,0
2026-05-21,九州・沖縄,成約済,マンション,0
2026-05-21,九州・沖縄,成約済,別荘地,0
2026-05-21,九州・沖縄,成約済,土地,48
2026-05-21,九州・沖縄,成約済,土地及び建物,49
2026-05-21,九州・沖縄,成約済,平屋,1
2026-05-21,九州・沖縄,成約済,建物,1
2026-05-21,九州・沖縄,成約済,農地,0
2026-05-21,北海道,,,315
2026-05-21,北海道,,アパート,1
2026-05-21,北海道,,ビル,1
2026-05-21,北海道,,マンション,3
2026-05-21,北海道,,別荘地,0
2026-05-21,北海道,,土地,82
2026-05-21,北海道,,土地及び建物,214
2026-05-21,北海道,,平屋,0
2026-05-21,北海道,,建物,16
2026-05-21,北海道,,農地,0
2026-05-21,北海道,募集中,,14
2026-05-21,北海道,募集中,アパート,0
2026-05-21,北海道,募集中,ビル,0
2026-05-21,北海道,募集中,マンション,0
2026-05-21,北海道,募集中,別荘地,0
2026-05-21,北海道,募集中,土地,3
2026-05-21,北海道,募集中,土地及び建物,7
2026-05-21,北海道,募集中,平屋,0
2026-05-21,北海道,募集中,建物,4
2026-05-21,北海道,募集中,農地,0
2026-05-21,北海道,取引中止,,20
2026-05-21,北海道,取引中止,アパート,1
2026-05-21,北海道,取引中止,ビル,0
2026-05-21,北海道,取引中止,マンション,0
2026-05-21,北海道,取引中止,別荘地,0
2026-05-21,北海道,取引中止,土地,2
2026-05-21,北海道,取引中止,土地及び建物,14
2026-05-21,北海道,取引中止,平屋,0
2026-05-21,北海道,取引中止,建物,4
2026-05-21,北海道,取引中止,農地,0
2026-05-21,北海道,受付停止,,15
2026-05-21,北海道,受付停止,アパート,0
2026-05-21,北海道,受付停止,ビル,0
2026-05-21,北海道,受付停止,マンション,0
2026-05-21,北海道,受付停止,別荘地,0
2026-05-21,北海道,受付停止,土地,2
2026-05-21,北海道,受付停止,土地及び建物,13
2026-05-21,北海道,受付停止,平屋,0
2026-05-21,北海道,受付停止,建物,0
2026-05-21,北海道,受付停止,農地,0
2026-05-21,北海道,成約済,,268
2026-05-21,北海道,成約済,アパート,0
2026-05-21,北海道,成約済,ビル,1
2026-05-21,北海道,成約済,マンション,3
2026-05-21,北海道,成約済,別荘地,0
2026-05-21,北海道,成約済,土地,76
2026-05-21,北海道,成約済,土地及び建物,181
2026-05-21,北海道,成約済,平屋,0
2026-05-21,北海道,成約済,建物,8
2026-05-21,北海道,成約済,農地,0
2026-05-21,北陸,,,43
2026-05-21,北陸,,アパート,0
2026-05-21,北陸,,ビル,0
2026-05-21,北陸,,マンション,2
2026-05-21,北陸,,別荘地,0
2026-05-21,北陸,,土地,18
2026-05-21,北陸,,土地及び建物,23
2026-05-21,北陸,,平屋,0
2026-05-21,北陸,,建物,0
2026-05-21,北陸,,農地,0
2026-05-21,北陸,募集中,,4
2026-05-21,北陸,募集中,アパート,0
2026-05-21,北陸,募集中,ビル,0
2026-05-21,北陸,募集中,マンション,0
2026-05-21,北陸,募集中,別荘地,0
2026-05-21,北陸,募集中,土地,4
2026-05-21,北陸,募集中,土地及び建物,0
2026-05-21,北陸,募集中,平屋,0
2026-05-21,北陸,募集中,建物,0
2026-05-21,北陸,募集中,農地,0
2026-05-21,北陸,取引中止,,1
2026-05-21,北陸,取引中止,アパート,0
2026-05-21,北陸,取引中止,ビル,0
2026-05-21,北陸,取引中止,マンション,0
2026-05-21,北陸,取引中止,別荘地,0
2026-05-21,北陸,取引中止,土地,0
2026-05-21,北陸,取引中止,土地及び建物,1
2026-05-21,北陸,取引中止,平屋,0
2026-05-21,北陸,取引中止,建物,0
2026-05-21,北陸,取引中止,農地,0
2026-05-21,北陸,受付停止,,5
2026-05-21,北陸,受付停止,アパート,0
2026-05-21,北陸,受付停止,ビル,0
2026-05-21,北陸,受付停止,マンション,0
2026-05-21,北陸,受付停止,別荘地,0
2026-05-21,北陸,受付停止,土地,1
2026-05-21,北陸,受付停止,土地及び建物,4
2026-05-21,北陸,受付停止,平屋,0
2026-05-21,北陸,受付停止,建物,0
2026-05-21,北陸,受付停止,農地,0
2026-05-21,北陸,成約済,,33
2026-05-21,北陸,成約済,アパート,0
2026-05-21,北陸,成約済,ビル,0
2026-05-21,北陸,成約済,マンション,2
2026-05-21,北陸,成約済,別荘地,0
2026-05-21,北陸,成約済,土地,13
2026-05-21,北陸,成約済,土地及び建物,18
2026-05-21,北陸,成約済,平屋,0
2026-05-21,北陸,成約済,建物,0
2026-05-21,北陸,成約済,農地,0
2026-05-21,四国,,,86
2026-05-21,四国,,アパート,0
2026-05-21,四国,,ビル,0
2026-05-21,四国,,マンション,21
2026-05-21,四国,,別荘地,0
2026-05-21,四国,,土地,20
2026-05-21,四国,,土地及び建物,44
2026-05-21,四国,,平屋,1
2026-05-21,四国,,建物,1
2026-05-21,四国,,農地,0
2026-05-21,四国,募集中,,9
2026-05-21,四国,募集中,アパート,0
2026-05-21,四国,募集中,ビル,0
2026-05-21,四国,募集中,マンション,3
2026-05-21,四国,募集中,別荘地,0
2026-05-21,四国,募集中,土地,4
2026-05-21,四国,募集中,土地及び建物,2
2026-05-21,四国,募集中,平屋,0
2026-05-21,四国,募集中,建物,0
2026-05-21,四国,募集中,農地,0
2026-05-21,四国,取引中止,,1
2026-05-21,四国,取引中止,アパート,0
2026-05-21,四国,取引中止,ビル,0
2026-05-21,四国,取引中止,マンション,0
2026-05-21,四国,取引中止,別荘地,0
2026-05-21,四国,取引中止,土地,1
2026-05-21,四国,取引中止,土地及び建物,0
2026-05-21,四国,取引中止,平屋,0
2026-05-21,四国,取引中止,建物,0
2026-05-21,四国,取引中止,農地,0
2026-05-21,四国,受付停止,,4
2026-05-21,四国,受付停止,アパート,0
2026-05-21,四国,受付停止,ビル,0
2026-05-21,四国,受付停止,マンション,2
2026-05-21,四国,受付停止,別荘地,0
2026-05-21,四国,受付停止,土地,1
2026-05-21,四国,受付停止,土地及び建物,1
2026-05-21,四国,受付停止,平屋,0
2026-05-21,四国,受付停止,建物,0
2026-05-21,四国,受付停止,農地,0
2026-05-21,四国,成約済,,72
2026-05-21,四国,成約済,アパート,0
2026-05-21,四国,成約済,ビル,0
2026-05-21,四国,成約済,マンション,16
2026-05-21,四国,成約済,別荘地,0
2026-05-21,四国,成約済,土地,14
2026-05-21,四国,成約済,土地及び建物,41
2026-05-21,四国,成約済,平屋,1
2026-05-21,四国,成約済,建物,1
2026-05-21,四国,成約済,農地,0
2026-05-21,東北,,,137
2026-05-21,東北,,アパート,0
2026-05-21,東北,,ビル,0
2026-05-21,東北,,マンション,0
2026-05-21,東北,,別荘地,0
2026-05-21,東北,,土地,48
2026-05-21,東北,,土地及び建物,88
2026-05-21,東北,,平屋,0
2026-05-21,東北,,建物,1
2026-05-21,東北,,農地,0
2026-05-21,東北,募集中,,21
2026-05-21,東北,募集中,アパート,0
2026-05-21,東北,募集中,ビル,0
2026-05-21,東北,募集中,マンション,0
2026-05-21,東北,募集中,別荘地,0
2026-05-21,東北,募集中,土地,11
2026-05-21,東北,募集中,土地及び建物,10
2026-05-21,東北,募集中,平屋,0
2026-05-21,東北,募集中,建物,0
2026-05-21,東北,募集中,農地,0
2026-05-21,東北,取引中止,,10
2026-05-21,東北,取引中止,アパート,0
2026-05-21,東北,取引中止,ビル,0
2026-05-21,東北,取引中止,マンション,0
2026-05-21,東北,取引中止,別荘地,0
2026-05-21,東北,取引中止,土地,2
2026-05-21,東北,取引中止,土地及び建物,8
2026-05-21,東北,取引中止,平屋,0
2026-05-21,東北,取引中止,建物,0
2026-05-21,東北,取引中止,農地,0
2026-05-21,東北,受付停止,,11
2026-05-21,東北,受付停止,アパート,0
2026-05-21,東北,受付停止,ビル,0
2026-05-21,東北,受付停止,マンション,0
2026-05-21,東北,受付停止,別荘地,0
2026-05-21,東北,受付停止,土地,4
2026-05-21,東北,受付停止,土地及び建物,7
2026-05-21,東北,受付停止,平屋,0
2026-05-21,東北,受付停止,建物,0
2026-05-21,東北,受付停止,農地,0
2026-05-21,東北,成約済,,95
2026-05-21,東北,成約済,アパート,0
2026-05-21,東北,成約済,ビル,0
2026-05-21,東北,成約済,マンション,0
2026-05-21,東北,成約済,別荘地,0
2026-05-21,東北,成約済,土地,31
2026-05-21,東北,成約済,土地及び建物,63
2026-05-21,東北,成約済,平屋,0
2026-05-21,東北,成約済,建物,1
2026-05-21,東北,成約済,農地,0
2026-05-21,東海,,,244
2026-05-21,東海,,アパート,0
2026-05-21,東海,,ビル,0
2026-05-21,東海,,マンション,7
2026-05-21,東海,,別荘地,45
2026-05-21,東海,,土地,177
2026-05-21,東海,,土地及び建物,57
2026-05-21,東海,,平屋,0
2026-05-21,東海,,建物,3
2026-05-21,東海,,農地,0
2026-05-21,東海,募集中,,33
2026-05-21,東海,募集中,アパート,0
2026-05-21,東海,募集中,ビル,0
2026-05-21,東海,募集中,マンション,2
2026-05-21,東海,募集中,別荘地,5
2026-05-21,東海,募集中,土地,27
2026-05-21,東海,募集中,土地及び建物,4
2026-05-21,東海,募集中,平屋,0
2026-05-21,東海,募集中,建物,0
2026-05-21,東海,募集中,農地,0
2026-05-21,東海,取引中止,,12
2026-05-21,東海,取引中止,アパート,0
2026-05-21,東海,取引中止,ビル,0
2026-05-21,東海,取引中止,マンション,1
2026-05-21,東海,取引中止,別荘地,2
2026-05-21,東海,取引中止,土地,6
2026-05-21,東海,取引中止,土地及び建物,5
2026-05-21,東海,取引中止,平屋,0
2026-05-21,東海,取引中止,建物,0
2026-05-21,東海,取引中止,農地,0
2026-05-21,東海,受付停止,,11
2026-05-21,東海,受付停止,アパート,0
2026-05-21,東海,受付停止,ビル,0
2026-05-21,東海,受付停止,マンション,1
2026-05-21,東海,受付停止,別荘地,0
2026-05-21,東海,受付停止,土地,7
2026-05-21,東海,受付停止,土地及び建物,3
2026-05-21,東海,受付停止,平屋,0
2026-05-21,東海,受付停止,建物,0
2026-05-21,東海,受付停止,農地,0
2026-05-21,東海,成約済,,187
2026-05-21,東海,成約済,アパート,0
2026-05-21,東海,成約済,ビル,0
2026-05-21,東海,成約済,マンション,3
2026-05-21,東海,成約済,別荘地,37
2026-05-21,東海,成約済,土地,136
2026-05-21,東海,成約済,土地及び建物,45
2026-05-21,東海,成約済,平屋,0
2026-05-21,東海,成約済,建物,3
2026-05-21,東海,成約済,農地,0
2026-05-21,甲信越,,,217
2026-05-21,甲信越,,アパート,0
2026-05-21,甲信越,,ビル,0
2026-05-21,甲信越,,マンション,42
2026-05-21,甲信越,,別荘地,22
2026-05-21,甲信越,,土地,100
2026-05-21,甲信越,,土地及び建物,72
2026-05-21,甲信越,,平屋,0
2026-05-21,甲信越,,建物,3
2026-05-21,甲信越,,農地,0
2026-05-21,甲信越,募集中,,18
2026-05-21,甲信越,募集中,アパート,0
2026-05-21,甲信越,募集中,ビル,0
2026-05-21,甲信越,募集中,マンション,1
2026-05-21,甲信越,募集中,別荘地,1
2026-05-21,甲信越,募集中,土地,11
2026-05-21,甲信越,募集中,土地及び建物,6
2026-05-21,甲信越,募集中,平屋,0
2026-05-21,甲信越,募集中,建物,0
2026-05-21,甲信越,募集中,農地,0
2026-05-21,甲信越,取引中止,,13
2026-05-21,甲信越,取引中止,アパート,0
2026-05-21,甲信越,取引中止,ビル,0
2026-05-21,甲信越,取引中止,マンション,1
2026-05-21,甲信越,取引中止,別荘地,0
2026-05-21,甲信越,取引中止,土地,4
2026-05-21,甲信越,取引中止,土地及び建物,8
2026-05-21,甲信越,取引中止,平屋,0
2026-05-21,甲信越,取引中止,建物,0
2026-05-21,甲信越,取引中止,農地,0
2026-05-21,甲信越,受付停止,,22
2026-05-21,甲信越,受付停止,アパート,0
2026-05-21,甲信越,受付停止,ビル,0
2026-05-21,甲信越,受付停止,マンション,4
2026-05-21,甲信越,受付停止,別荘地,0
2026-05-21,甲信越,受付停止,土地,12
2026-05-21,甲信越,受付停止,土地及び建物,6
2026-05-21,甲信越,受付停止,平屋,0
2026-05-21,甲信越,受付停止,建物,0
2026-05-21,甲信越,受付停止,農地,0
2026-05-21,甲信越,成約済,,164
2026-05-21,甲信越,成約済,アパート,0
2026-05-21,甲信越,成約済,ビル,0
2026-05-21,甲信越,成約済,マンション,36
2026-05-21,甲信越,成約済,別荘地,21
2026-05-21,甲信越,成約済,土地,73
2026-05-21,甲信越,成約済,土地及び建物,52
2026-05-21,甲信越,成約済,平屋,0
2026-05-21,甲信越,成約済,建物,3
2026-05-21,甲信越,成約済,農地,0
2026-05-21,近畿,,,109
2026-05-21,近畿,,アパート,0
2026-05-21,近畿,,ビル,0
2026-05-21,近畿,,マンション,5
2026-05-21,近畿,,別荘地,3
2026-05-21,近畿,,土地,60
2026-05-21,近畿,,土地及び建物,42
2026-05-21,近畿,,平屋,0
2026-05-21,近畿,,建物,2
2026-05-21,近畿,,農地,0
2026-05-21,近畿,募集中,,13
2026-05-21,近畿,募集中,アパート,0
2026-05-21,近畿,募集中,ビル,0
2026-05-21,近畿,募集中,マンション,0
2026-05-21,近畿,募集中,別荘地,1
2026-05-21,近畿,募集中,土地,9
2026-05-21,近畿,募集中,土地及び建物,4
2026-05-21,近畿,募集中,平屋,0
2026-05-21,近畿,募集中,建物,0
2026-05-21,近畿,募集中,農地,0
2026-05-21,近畿,取引中止,,11
2026-05-21,近畿,取引中止,アパート,0
2026-05-21,近畿,取引中止,ビル,0
2026-05-21,近畿,取引中止,マンション,0
2026-05-21,近畿,取引中止,別荘地,0
2026-05-21,近畿,取引中止,土地,3
2026-05-21,近畿,取引中止,土地及び建物,8
2026-05-21,近畿,取引中止,平屋,0
2026-05-21,近畿,取引中止,建物,0
2026-05-21,近畿,取引中止,農地,0
2026-05-21,近畿,受付停止,,9
2026-05-21,近畿,受付停止,アパート,0
2026-05-21,近畿,受付停止,ビル,0
2026-05-21,近畿,受付停止,マンション,0
2026-05-21,近畿,受付停止,別荘地,0
2026-05-21,近畿,受付停止,土地,4
2026-05-21,近畿,受付停止,土地及び建物,4
2026-05-21,近畿,受付停止,平屋,0
2026-05-21,近畿,受付停止,建物,1
2026-05-21,近畿,受付停止,農地,0
2026-05-21,近畿,成約済,,76
2026-05-21,近畿,成約済,アパート,0
2026-05-21,近畿,成約済,ビル,0
2026-05-21,近畿,成約済,マンション,5
2026-05-21,近畿,成約済,別荘地,2
2026-05-21,近畿,成約済,土地,44
2026-05-21,近畿,成約済,土地及び建物,26
2026-05-21,近畿,成約済,平屋,0
2026-05-21,近畿,成約済,建物,1
2026-05-21,近畿,成約済,農地,0
2026-05-21,関東,,,397
2026-05-21,関東,,アパート,0
2026-05-21,関東,,ビル,0
2026-05-21,関東,,マンション,17
2026-05-21,関東,,別荘地,18
2026-05-21,関東,,土地,333
2026-05-21,関東,,土地及び建物,45
2026-05-21,関東,,平屋,0
2026-05-21,関東,,建物,2
2026-05-21,関東,,農地,0
2026-05-21,関東,募集中,,38
2026-05-21,関東,募集中,アパート,0
2026-05-21,関東,募集中,ビル,0
2026-05-21,関東,募集中,マンション,1
2026-05-21,関東,募集中,別荘地,0
2026-05-21,関東,募集中,土地,35
2026-05-21,関東,募集中,土地及び建物,2
2026-05-21,関東,募集中,平屋,0
2026-05-21,関東,募集中,建物,0
2026-05-21,関東,募集中,農地,0
2026-05-21,関東,取引中止,,14
2026-05-21,関東,取引中止,アパート,0
2026-05-21,関東,取引中止,ビル,0
2026-05-21,関東,取引中止,マンション,1
2026-05-21,関東,取引中止,別荘地,3
2026-05-21,関東,取引中止,土地,12
2026-05-21,関東,取引中止,土地及び建物,1
2026-05-21,関東,取引中止,平屋,0
2026-05-21,関東,取引中止,建物,0
2026-05-21,関東,取引中止,農地,0
2026-05-21,関東,受付停止,,27
2026-05-21,関東,受付停止,アパート,0
2026-05-21,関東,受付停止,ビル,0
2026-05-21,関東,受付停止,マンション,3
2026-05-21,関東,受付停止,別荘地,0
2026-05-21,関東,受付停止,土地,20
2026-05-21,関東,受付停止,土地及び建物,4
2026-05-21,関東,受付停止,平屋,0
2026-05-21,関東,受付停止,建物,0
2026-05-21,関東,受付停止,農地,0
2026-05-21,関東,成約済,,318
2026-05-21,関東,成約済,アパート,0
2026-05-21,関東,成約済,ビル,0
2026-05-21,関東,成約済,マンション,12
2026-05-21,関東,成約済,別荘地,15
2026-05-21,関東,成約済,土地,266
2026-05-21,関東,成約済,土地及び建物,38
2026-05-21,関東,成約済,平屋,0
2026-05-21,関東,成約済,建物,2
2026-05-21,関東,成約済,農地,0
2026-05-22,,,アパート,1
2026-05-22,,,ビル,1
2026-05-22,,,マンション,98
2026-05-22,,,別荘地,89
2026-05-22,,,土地,968
2026-05-22,,,土地及び建物,756
2026-05-22,,,平屋,4
2026-05-22,,,建物,33
2026-05-22,,,農地,1
2026-05-22,,募集中,,200
2026-05-22,,募集中,アパート,0
2026-05-22,,募集中,ビル,0
2026-05-22,,募集中,マンション,8
2026-05-22,,募集中,別荘地,7
2026-05-22,,募集中,土地,133
2026-05-22,,募集中,土地及び建物,55
2026-05-22,,募集中,平屋,0
2026-05-22,,募集中,建物,4
2026-05-22,,募集中,農地,1
2026-05-22,,取引中止,,93
2026-05-22,,取引中止,アパート,1
2026-05-22,,取引中止,ビル,0
2026-05-22,,取引中止,マンション,3
2026-05-22,,取引中止,別荘地,5
2026-05-22,,取引中止,土地,33
2026-05-22,,取引中止,土地及び建物,52
2026-05-22,,取引中止,平屋,0
2026-05-22,,取引中止,建物,5
2026-05-22,,取引中止,農地,0
2026-05-22,,受付停止,,132
2026-05-22,,受付停止,アパート,0
2026-05-22,,受付停止,ビル,0
2026-05-22,,受付停止,マンション,10
2026-05-22,,受付停止,別荘地,0
2026-05-22,,受付停止,土地,65
2026-05-22,,受付停止,土地及び建物,56
2026-05-22,,受付停止,平屋,0
2026-05-22,,受付停止,建物,1
2026-05-22,,受付停止,農地,0
2026-05-22,,成約済,,1431
2026-05-22,,成約済,アパート,0
2026-05-22,,成約済,ビル,1
2026-05-22,,成約済,マンション,77
2026-05-22,,成約済,別荘地,76
2026-05-22,,成約済,土地,737
2026-05-22,,成約済,土地及び建物,594
2026-05-22,,成約済,平屋,4
2026-05-22,,成約済,建物,23
2026-05-22,,成約済,農地,0
2026-05-22,中国,,,166
2026-05-22,中国,,アパート,0
2026-05-22,中国,,ビル,0
2026-05-22,中国,,マンション,0
2026-05-22,中国,,別荘地,1
2026-05-22,中国,,土地,58
2026-05-22,中国,,土地及び建物,104
2026-05-22,中国,,平屋,2
2026-05-22,中国,,建物,4
2026-05-22,中国,,農地,1
2026-05-22,中国,募集中,,26
2026-05-22,中国,募集中,アパート,0
2026-05-22,中国,募集中,ビル,0
2026-05-22,中国,募集中,マンション,0
2026-05-22,中国,募集中,別荘地,0
2026-05-22,中国,募集中,土地,14
2026-05-22,中国,募集中,土地及び建物,12
2026-05-22,中国,募集中,平屋,0
2026-05-22,中国,募集中,建物,0
2026-05-22,中国,募集中,農地,1
2026-05-22,中国,取引中止,,6
2026-05-22,中国,取引中止,アパート,0
2026-05-22,中国,取引中止,ビル,0
2026-05-22,中国,取引中止,マンション,0
2026-05-22,中国,取引中止,別荘地,0
2026-05-22,中国,取引中止,土地,2
2026-05-22,中国,取引中止,土地及び建物,3
2026-05-22,中国,取引中止,平屋,0
2026-05-22,中国,取引中止,建物,1
2026-05-22,中国,取引中止,農地,0
2026-05-22,中国,受付停止,,15
2026-05-22,中国,受付停止,アパート,0
2026-05-22,中国,受付停止,ビル,0
2026-05-22,中国,受付停止,マンション,0
2026-05-22,中国,受付停止,別荘地,0
2026-05-22,中国,受付停止,土地,6
2026-05-22,中国,受付停止,土地及び建物,9
2026-05-22,中国,受付停止,平屋,0
2026-05-22,中国,受付停止,建物,0
2026-05-22,中国,受付停止,農地,0
2026-05-22,中国,成約済,,119
2026-05-22,中国,成約済,アパート,0
2026-05-22,中国,成約済,ビル,0
2026-05-22,中国,成約済,マンション,0
2026-05-22,中国,成約済,別荘地,1
2026-05-22,中国,成約済,土地,36
2026-05-22,中国,成約済,土地及び建物,80
2026-05-22,中国,成約済,平屋,2
2026-05-22,中国,成約済,建物,3
2026-05-22,中国,成約済,農地,0
2026-05-22,九州・沖縄,,,132
2026-05-22,九州・沖縄,,アパート,0
2026-05-22,九州・沖縄,,ビル,0
2026-05-22,九州・沖縄,,マンション,0
2026-05-22,九州・沖縄,,別荘地,0
2026-05-22,九州・沖縄,,土地,66
2026-05-22,九州・沖縄,,土地及び建物,65
2026-05-22,九州・沖縄,,平屋,1
2026-05-22,九州・沖縄,,建物,1
2026-05-22,九州・沖縄,,農地,0
2026-05-22,九州・沖縄,募集中,,16
2026-05-22,九州・沖縄,募集中,アパート,0
2026-05-22,九州・沖縄,募集中,ビル,0
2026-05-22,九州・沖縄,募集中,マンション,0
2026-05-22,九州・沖縄,募集中,別荘地,0
2026-05-22,九州・沖縄,募集中,土地,9
2026-05-22,九州・沖縄,募集中,土地及び建物,7
2026-05-22,九州・沖縄,募集中,平屋,0
2026-05-22,九州・沖縄,募集中,建物,0
2026-05-22,九州・沖縄,募集中,農地,0
2026-05-22,九州・沖縄,取引中止,,5
2026-05-22,九州・沖縄,取引中止,アパート,0
2026-05-22,九州・沖縄,取引中止,ビル,0
2026-05-22,九州・沖縄,取引中止,マンション,0
2026-05-22,九州・沖縄,取引中止,別荘地,0
2026-05-22,九州・沖縄,取引中止,土地,1
2026-05-22,九州・沖縄,取引中止,土地及び建物,4
2026-05-22,九州・沖縄,取引中止,平屋,0
2026-05-22,九州・沖縄,取引中止,建物,0
2026-05-22,九州・沖縄,取引中止,農地,0
2026-05-22,九州・沖縄,受付停止,,13
2026-05-22,九州・沖縄,受付停止,アパート,0
2026-05-22,九州・沖縄,受付停止,ビル,0
2026-05-22,九州・沖縄,受付停止,マンション,0
2026-05-22,九州・沖縄,受付停止,別荘地,0
2026-05-22,九州・沖縄,受付停止,土地,8
2026-05-22,九州・沖縄,受付停止,土地及び建物,5
2026-05-22,九州・沖縄,受付停止,平屋,0
2026-05-22,九州・沖縄,受付停止,建物,0
2026-05-22,九州・沖縄,受付停止,農地,0
2026-05-22,九州・沖縄,成約済,,98
2026-05-22,九州・沖縄,成約済,アパート,0
2026-05-22,九州・沖縄,成約済,ビル,0
2026-05-22,九州・沖縄,成約済,マンション,0
2026-05-22,九州・沖縄,成約済,別荘地,0
2026-05-22,九州・沖縄,成約済,土地,48
2026-05-22,九州・沖縄,成約済,土地及び建物,49
2026-05-22,九州・沖縄,成約済,平屋,1
2026-05-22,九州・沖縄,成約済,建物,1
2026-05-22,九州・沖縄,成約済,農地,0
2026-05-22,北海道,,,316
2026-05-22,北海道,,アパート,1
2026-05-22,北海道,,ビル,1
2026-05-22,北海道,,マンション,3
2026-05-22,北海道,,別荘地,0
2026-05-22,北海道,,土地,83
2026-05-22,北海道,,土地及び建物,214
2026-05-22,北海道,,平屋,0
2026-05-22,北海道,,建物,16
2026-05-22,北海道,,農地,0
2026-05-22,北海道,募集中,,15
2026-05-22,北海道,募集中,アパート,0
2026-05-22,北海道,募集中,ビル,0
2026-05-22,北海道,募集中,マンション,0
2026-05-22,北海道,募集中,別荘地,0
2026-05-22,北海道,募集中,土地,4
2026-05-22,北海道,募集中,土地及び建物,7
2026-05-22,北海道,募集中,平屋,0
2026-05-22,北海道,募集中,建物,4
2026-05-22,北海道,募集中,農地,0
2026-05-22,北海道,取引中止,,20
2026-05-22,北海道,取引中止,アパート,1
2026-05-22,北海道,取引中止,ビル,0
2026-05-22,北海道,取引中止,マンション,0
2026-05-22,北海道,取引中止,別荘地,0
2026-05-22,北海道,取引中止,土地,2
2026-05-22,北海道,取引中止,土地及び建物,14
2026-05-22,北海道,取引中止,平屋,0
2026-05-22,北海道,取引中止,建物,4
2026-05-22,北海道,取引中止,農地,0
2026-05-22,北海道,受付停止,,15
2026-05-22,北海道,受付停止,アパート,0
2026-05-22,北海道,受付停止,ビル,0
2026-05-22,北海道,受付停止,マンション,0
2026-05-22,北海道,受付停止,別荘地,0
2026-05-22,北海道,受付停止,土地,2
2026-05-22,北海道,受付停止,土地及び建物,13
2026-05-22,北海道,受付停止,平屋,0
2026-05-22,北海道,受付停止,建物,0
2026-05-22,北海道,受付停止,農地,0
2026-05-22,北海道,成約済,,268
2026-05-22,北海道,成約済,アパート,0
2026-05-22,北海道,成約済,ビル,1
2026-05-22,北海道,成約済,マンション,3
2026-05-22,北海道,成約済,別荘地,0
2026-05-22,北海道,成約済,土地,76
2026-05-22,北海道,成約済,土地及び建物,181
2026-05-22,北海道,成約済,平屋,0
2026-05-22,北海道,成約済,建物,8
2026-05-22,北海道,成約済,農地,0
2026-05-22,北陸,,,43
2026-05-22,北陸,,アパート,0
2026-05-22,北陸,,ビル,0
2026-05-22,北陸,,マンション,2
2026-05-22,北陸,,別荘地,0
2026-05-22,北陸,,土地,18
2026-05-22,北陸,,土地及び建物,23
2026-05-22,北陸,,平屋,0
2026-05-22,北陸,,建物,0
2026-05-22,北陸,,農地,0
2026-05-22,北陸,募集中,,4
2026-05-22,北陸,募集中,アパート,0
2026-05-22,北陸,募集中,ビル,0
2026-05-22,北陸,募集中,マンション,0
2026-05-22,北陸,募集中,別荘地,0
2026-05-22,北陸,募集中,土地,4
2026-05-22,北陸,募集中,土地及び建物,0
2026-05-22,北陸,募集中,平屋,0
2026-05-22,北陸,募集中,建物,0
2026-05-22,北陸,募集中,農地,0
2026-05-22,北陸,取引中止,,1
2026-05-22,北陸,取引中止,アパート,0
2026-05-22,北陸,取引中止,ビル,0
2026-05-22,北陸,取引中止,マンション,0
2026-05-22,北陸,取引中止,別荘地,0
2026-05-22,北陸,取引中止,土地,0
2026-05-22,北陸,取引中止,土地及び建物,1
2026-05-22,北陸,取引中止,平屋,0
2026-05-22,北陸,取引中止,建物,0
2026-05-22,北陸,取引中止,農地,0
2026-05-22,北陸,受付停止,,5
2026-05-22,北陸,受付停止,アパート,0
2026-05-22,北陸,受付停止,ビル,0
2026-05-22,北陸,受付停止,マンション,0
2026-05-22,北陸,受付停止,別荘地,0
2026-05-22,北陸,受付停止,土地,1
2026-05-22,北陸,受付停止,土地及び建物,4
2026-05-22,北陸,受付停止,平屋,0
2026-05-22,北陸,受付停止,建物,0
2026-05-22,北陸,受付停止,農地,0
2026-05-22,北陸,成約済,,33
2026-05-22,北陸,成約済,アパート,0
2026-05-22,北陸,成約済,ビル,0
2026-05-22,北陸,成約済,マンション,2
2026-05-22,北陸,成約済,別荘地,0
2026-05-22,北陸,成約済,土地,13
2026-05-22,北陸,成約済,土地及び建物,18
2026-05-22,北陸,成約済,平屋,0
2026-05-22,北陸,成約済,建物,0
2026-05-22,北陸,成約済,農地,0
2026-05-22,四国,,,86
2026-05-22,四国,,アパート,0
2026-05-22,四国,,ビル,0
2026-05-22,四国,,マンション,21
2026-05-22,四国,,別荘地,0
2026-05-22,四国,,土地,20
2026-05-22,四国,,土地及び建物,44
2026-05-22,四国,,平屋,1
2026-05-22,四国,,建物,1
2026-05-22,四国,,農地,0
2026-05-22,四国,募集中,,9
2026-05-22,四国,募集中,アパート,0
2026-05-22,四国,募集中,ビル,0
2026-05-22,四国,募集中,マンション,3
2026-05-22,四国,募集中,別荘地,0
2026-05-22,四国,募集中,土地,4
2026-05-22,四国,募集中,土地及び建物,2
2026-05-22,四国,募集中,平屋,0
2026-05-22,四国,募集中,建物,0
2026-05-22,四国,募集中,農地,0
2026-05-22,四国,取引中止,,1
2026-05-22,四国,取引中止,アパート,0
2026-05-22,四国,取引中止,ビル,0
2026-05-22,四国,取引中止,マンション,0
2026-05-22,四国,取引中止,別荘地,0
2026-05-22,四国,取引中止,土地,1
2026-05-22,四国,取引中止,土地及び建物,0
2026-05-22,四国,取引中止,平屋,0
2026-05-22,四国,取引中止,建物,0
2026-05-22,四国,取引中止,農地,0
2026-05-22,四国,受付停止,,4
2026-05-22,四国,受付停止,アパート,0
2026-05-22,四国,受付停止,ビル,0
2026-05-22,四国,受付停止,マンション,2
2026-05-22,四国,受付停止,別荘地,0
2026-05-22,四国,受付停止,土地,1
2026-05-22,四国,受付停止,土地及び建物,1
2026-05-22,四国,受付停止,平屋,0
2026-05-22,四国,受付停止,建物,0
2026-05-22,四国,受付停止,農地,0
2026-05-22,四国,成約済,,72
2026-05-22,四国,成約済,アパート,0
2026-05-22,四国,成約済,ビル,0
2026-05-22,四国,成約済,マンション,16
2026-05-22,四国,成約済,別荘地,0
2026-05-22,四国,成約済,土地,14
2026-05-22,四国,成約済,土地及び建物,41
2026-05-22,四国,成約済,平屋,1
2026-05-22,四国,成約済,建物,1
2026-05-22,四国,成約済,農地,0
2026-05-22,東北,,,138
2026-05-22,東北,,アパート,0
2026-05-22,東北,,ビル,0
2026-05-22,東北,,マンション,0
2026-05-22,東北,,別荘地,0
2026-05-22,東北,,土地,48
2026-05-22,東北,,土地及び建物,89
2026-05-22,東北,,平屋,0
2026-05-22,東北,,建物,1
2026-05-22,東北,,農地,0
2026-05-22,東北,募集中,,22
2026-05-22,東北,募集中,アパート,0
2026-05-22,東北,募集中,ビル,0
2026-05-22,東北,募集中,マンション,0
2026-05-22,東北,募集中,別荘地,0
2026-05-22,東北,募集中,土地,11
2026-05-22,東北,募集中,土地及び建物,11
2026-05-22,東北,募集中,平屋,0
2026-05-22,東北,募集中,建物,0
2026-05-22,東北,募集中,農地,0
2026-05-22,東北,取引中止,,10
2026-05-22,東北,取引中止,アパート,0
2026-05-22,東北,取引中止,ビル,0
2026-05-22,東北,取引中止,マンション,0
2026-05-22,東北,取引中止,別荘地,0
2026-05-22,東北,取引中止,土地,2
2026-05-22,東北,取引中止,土地及び建物,8
2026-05-22,東北,取引中止,平屋,0
2026-05-22,東北,取引中止,建物,0
2026-05-22,東北,取引中止,農地,0
2026-05-22,東北,受付停止,,11
2026-05-22,東北,受付停止,アパート,0
2026-05-22,東北,受付停止,ビル,0
2026-05-22,東北,受付停止,マンション,0
2026-05-22,東北,受付停止,別荘地,0
2026-05-22,東北,受付停止,土地,4
2026-05-22,東北,受付停止,土地及び建物,7
2026-05-22,東北,受付停止,平屋,0
2026-05-22,東北,受付停止,建物,0
2026-05-22,東北,受付停止,農地,0
2026-05-22,東北,成約済,,95
2026-05-22,東北,成約済,アパート,0
2026-05-22,東北,成約済,ビル,0
2026-05-22,東北,成約済,マンション,0
2026-05-22,東北,成約済,別荘地,0
2026-05-22,東北,成約済,土地,31
2026-05-22,東北,成約済,土地及び建物,63
2026-05-22,東北,成約済,平屋,0
2026-05-22,東北,成約済,建物,1
2026-05-22,東北,成約済,農地,0
2026-05-22,東海,,,244
2026-05-22,東海,,アパート,0
2026-05-22,東海,,ビル,0
2026-05-22,東海,,マンション,7
2026-05-22,東海,,別荘地,45
2026-05-22,東海,,土地,177
2026-05-22,東海,,土地及び建物,57
2026-05-22,東海,,平屋,0
2026-05-22,東海,,建物,3
2026-05-22,東海,,農地,0
2026-05-22,東海,募集中,,33
2026-05-22,東海,募集中,アパート,0
2026-05-22,東海,募集中,ビル,0
2026-05-22,東海,募集中,マンション,2
2026-05-22,東海,募集中,別荘地,5
2026-05-22,東海,募集中,土地,27
2026-05-22,東海,募集中,土地及び建物,4
2026-05-22,東海,募集中,平屋,0
2026-05-22,東海,募集中,建物,0
2026-05-22,東海,募集中,農地,0
2026-05-22,東海,取引中止,,12
2026-05-22,東海,取引中止,アパート,0
2026-05-22,東海,取引中止,ビル,0
2026-05-22,東海,取引中止,マンション,1
2026-05-22,東海,取引中止,別荘地,2
2026-05-22,東海,取引中止,土地,6
2026-05-22,東海,取引中止,土地及び建物,5
2026-05-22,東海,取引中止,平屋,0
2026-05-22,東海,取引中止,建物,0
2026-05-22,東海,取引中止,農地,0
2026-05-22,東海,受付停止,,11
2026-05-22,東海,受付停止,アパート,0
2026-05-22,東海,受付停止,ビル,0
2026-05-22,東海,受付停止,マンション,1
2026-05-22,東海,受付停止,別荘地,0
2026-05-22,東海,受付停止,土地,7
2026-05-22,東海,受付停止,土地及び建物,3
2026-05-22,東海,受付停止,平屋,0
2026-05-22,東海,受付停止,建物,0
2026-05-22,東海,受付停止,農地,0
2026-05-22,東海,成約済,,187
2026-05-22,東海,成約済,アパート,0
2026-05-22,東海,成約済,ビル,0
2026-05-22,東海,成約済,マンション,3
2026-05-22,東海,成約済,別荘地,37
2026-05-22,東海,成約済,土地,136
2026-05-22,東海,成約済,土地及び建物,45
2026-05-22,東海,成約済,平屋,0
2026-05-22,東海,成約済,建物,3
2026-05-22,東海,成約済,農地,0
2026-05-22,甲信越,,,219
2026-05-22,甲信越,,アパート,0
2026-05-22,甲信越,,ビル,0
2026-05-22,甲信越,,マンション,43
2026-05-22,甲信越,,別荘地,22
2026-05-22,甲信越,,土地,101
2026-05-22,甲信越,,土地及び建物,72
2026-05-22,甲信越,,平屋,0
2026-05-22,甲信越,,建物,3
2026-05-22,甲信越,,農地,0
2026-05-22,甲信越,募集中,,20
2026-05-22,甲信越,募集中,アパート,0
2026-05-22,甲信越,募集中,ビル,0
2026-05-22,甲信越,募集中,マンション,2
2026-05-22,甲信越,募集中,別荘地,1
2026-05-22,甲信越,募集中,土地,12
2026-05-22,甲信越,募集中,土地及び建物,6
2026-05-22,甲信越,募集中,平屋,0
2026-05-22,甲信越,募集中,建物,0
2026-05-22,甲信越,募集中,農地,0
2026-05-22,甲信越,取引中止,,13
2026-05-22,甲信越,取引中止,アパート,0
2026-05-22,甲信越,取引中止,ビル,0
2026-05-22,甲信越,取引中止,マンション,1
2026-05-22,甲信越,取引中止,別荘地,0
2026-05-22,甲信越,取引中止,土地,4
2026-05-22,甲信越,取引中止,土地及び建物,8
2026-05-22,甲信越,取引中止,平屋,0
2026-05-22,甲信越,取引中止,建物,0
2026-05-22,甲信越,取引中止,農地,0
2026-05-22,甲信越,受付停止,,22
2026-05-22,甲信越,受付停止,アパート,0
2026-05-22,甲信越,受付停止,ビル,0
2026-05-22,甲信越,受付停止,マンション,4
2026-05-22,甲信越,受付停止,別荘地,0
2026-05-22,甲信越,受付停止,土地,12
2026-05-22,甲信越,受付停止,土地及び建物,6
2026-05-22,甲信越,受付停止,平屋,0
2026-05-22,甲信越,受付停止,建物,0
2026-05-22,甲信越,受付停止,農地,0
2026-05-22,甲信越,成約済,,164
2026-05-22,甲信越,成約済,アパート,0
2026-05-22,甲信越,成約済,ビル,0
2026-05-22,甲信越,成約済,マンション,36
2026-05-22,甲信越,成約済,別荘地,21
2026-05-22,甲信越,成約済,土地,73
2026-05-22,甲信越,成約済,土地及び建物,52
2026-05-22,甲信越,成約済,平屋,0
2026-05-22,甲信越,成約済,建物,3
2026-05-22,甲信越,成約済,農地,0
2026-05-22,近畿,,,109
2026-05-22,近畿,,アパート,0
2026-05-22,近畿,,ビル,0
2026-05-22,近畿,,マンション,5
2026-05-22,近畿,,別荘地,3
2026-05-22,近畿,,土地,60
2026-05-22,近畿,,土地及び建物,42
2026-05-22,近畿,,平屋,0
2026-05-22,近畿,,建物,2
2026-05-22,近畿,,農地,0
2026-05-22,近畿,募集中,,13
2026-05-22,近畿,募集中,アパート,0
2026-05-22,近畿,募集中,ビル,0
2026-05-22,近畿,募集中,マンション,0
2026-05-22,近畿,募集中,別荘地,1
2026-05-22,近畿,募集中,土地,9
2026-05-22,近畿,募集中,土地及び建物,4
2026-05-22,近畿,募集中,平屋,0
2026-05-22,近畿,募集中,建物,0
2026-05-22,近畿,募集中,農地,0
2026-05-22,近畿,取引中止,,11
2026-05-22,近畿,取引中止,アパート,0
2026-05-22,近畿,取引中止,ビル,0
2026-05-22,近畿,取引中止,マンション,0
2026-05-22,近畿,取引中止,別荘地,0
2026-05-22,近畿,取引中止,土地,3
2026-05-22,近畿,取引中止,土地及び建物,8
2026-05-22,近畿,取引中止,平屋,0
2026-05-22,近畿,取引中止,建物,0
2026-05-22,近畿,取引中止,農地,0
2026-05-22,近畿,受付停止,,9
2026-05-22,近畿,受付停止,アパート,0
2026-05-22,近畿,受付停止,ビル,0
2026-05-22,近畿,受付停止,マンション,0
2026-05-22,近畿,受付停止,別荘地,0
2026-05-22,近畿,受付停止,土地,4
2026-05-22,近畿,受付停止,土地及び建物,4
2026-05-22,近畿,受付停止,平屋,0
2026-05-22,近畿,受付停止,建物,1
2026-05-22,近畿,受付停止,農地,0
2026-05-22,近畿,成約済,,76
2026-05-22,近畿,成約済,アパート,0
2026-05-22,近畿,成約済,ビル,0
2026-05-22,近畿,成約済,マンション,5
2026-05-22,近畿,成約済,別荘地,2
2026-05-22,近畿,成約済,土地,44
2026-05-22,近畿,成約済,土地及び建物,26
2026-05-22,近畿,成約済,平屋,0
2026-05-22,近畿,成約済,建物,1
2026-05-22,近畿,成約済,農地,0
2026-05-22,関東,,,401
2026-05-22,関東,,アパート,0
2026-05-22,関東,,ビル,0
2026-05-22,関東,,マンション,17
2026-05-22,関東,,別荘地,18
2026-05-22,関東,,土地,337
2026-05-22,関東,,土地及び建物,45
2026-05-22,関東,,平屋,0
2026-05-22,関東,,建物,2
2026-05-22,関東,,農地,0
2026-05-22,関東,募集中,,42
2026-05-22,関東,募集中,アパート,0
2026-05-22,関東,募集中,ビル,0
2026-05-22,関東,募集中,マンション,1
2026-05-22,関東,募集中,別荘地,0
2026-05-22,関東,募集中,土地,39
2026-05-22,関東,募集中,土地及び建物,2
2026-05-22,関東,募集中,平屋,0
2026-05-22,関東,募集中,建物,0
2026-05-22,関東,募集中,農地,0
2026-05-22,関東,取引中止,,14
2026-05-22,関東,取引中止,アパート,0
2026-05-22,関東,取引中止,ビル,0
2026-05-22,関東,取引中止,マンション,1
2026-05-22,関東,取引中止,別荘地,3
2026-05-22,関東,取引中止,土地,12
2026-05-22,関東,取引中止,土地及び建物,1
2026-05-22,関東,取引中止,平屋,0
2026-05-22,関東,取引中止,建物,0
2026-05-22,関東,取引中止,農地,0
2026-05-22,関東,受付停止,,27
2026-05-22,関東,受付停止,アパート,0
2026-05-22,関東,受付停止,ビル,0
2026-05-22,関東,受付停止,マンション,3
2026-05-22,関東,受付停止,別荘地,0
2026-05-22,関東,受付停止,土地,20
2026-05-22,関東,受付停止,土地及び建物,4
2026-05-22,関東,受付停止,平屋,0
2026-05-22,関東,受付停止,建物,0
2026-05-22,関東,受付停止,農地,0
2026-05-22,関東,成約済,,318
2026-05-22,関東,成約済,アパート,0
2026-05-22,関東,成約済,ビル,0
2026-05-22,関東,成約済,マンション,12
2026-05-22,関東,成約済,別荘地,15
2026-05-22,関東,成約済,土地,266
2026-05-22,関東,成約済,土地及び建物,38
2026-05-22,関東,成約済,平屋,0
2026-05-22,関東,成約済,建物,2
2026-05-22,関東,成約済,農地,0
2026-05-23,,,アパート,1
2026-05-23,,,ビル,1
2026-05-23,,,マンション,98
2026-05-23,,,別荘地,89
2026-05-23,,,土地,968
2026-05-23,,,土地及び建物,756
2026-05-23,,,平屋,4
2026-05-23,,,建物,33
2026-05-23,,,農地,1
2026-05-23,,募集中,,198
2026-05-23,,募集中,アパート,0
2026-05-23,,募集中,ビル,0
2026-05-23,,募集中,マンション,7
2026-05-23,,募集中,別荘地,7
2026-05-23,,募集中,土地,132
2026-05-23,,募集中,土地及び建物,55
2026-05-23,,募集中,平屋,0
2026-05-23,,募集中,建物,4
2026-05-23,,募集中,農地,1
2026-05-23,,取引中止,,93
2026-05-23,,取引中止,アパート,1
2026-05-23,,取引中止,ビル,0
2026-05-23,,取引中止,マンション,3
2026-05-23,,取引中止,別荘地,5
2026-05-23,,取引中止,土地,33
2026-05-23,,取引中止,土地及び建物,52
2026-05-23,,取引中止,平屋,0
2026-05-23,,取引中止,建物,5
2026-05-23,,取引中止,農地,0
2026-05-23,,受付停止,,134
2026-05-23,,受付停止,アパート,0
2026-05-23,,受付停止,ビル,0
2026-05-23,,受付停止,マンション,11
2026-05-23,,受付停止,別荘地,0
2026-05-23,,受付停止,土地,66
2026-05-23,,受付停止,土地及び建物,56
2026-05-23,,受付停止,平屋,0
2026-05-23,,受付停止,建物,1
2026-05-23,,受付停止,農地,0
2026-05-23,,成約済,,1431
2026-05-23,,成約済,アパート,0
2026-05-23,,成約済,ビル,1
2026-05-23,,成約済,マンション,77
2026-05-23,,成約済,別荘地,76
2026-05-23,,成約済,土地,737
2026-05-23,,成約済,土地及び建物,594
2026-05-23,,成約済,平屋,4
2026-05-23,,成約済,建物,23
2026-05-23,,成約済,農地,0
2026-05-23,中国,,,166
2026-05-23,中国,,アパート,0
2026-05-23,中国,,ビル,0
2026-05-23,中国,,マンション,0
2026-05-23,中国,,別荘地,1
2026-05-23,中国,,土地,58
2026-05-23,中国,,土地及び建物,104
2026-05-23,中国,,平屋,2
2026-05-23,中国,,建物,4
2026-05-23,中国,,農地,1
2026-05-23,中国,募集中,,26
2026-05-23,中国,募集中,アパート,0
2026-05-23,中国,募集中,ビル,0
2026-05-23,中国,募集中,マンション,0
2026-05-23,中国,募集中,別荘地,0
2026-05-23,中国,募集中,土地,14
2026-05-23,中国,募集中,土地及び建物,12
2026-05-23,中国,募集中,平屋,0
2026-05-23,中国,募集中,建物,0
2026-05-23,中国,募集中,農地,1
2026-05-23,中国,取引中止,,6
2026-05-23,中国,取引中止,アパート,0
2026-05-23,中国,取引中止,ビル,0
2026-05-23,中国,取引中止,マンション,0
2026-05-23,中国,取引中止,別荘地,0
2026-05-23,中国,取引中止,土地,2
2026-05-23,中国,取引中止,土地及び建物,3
2026-05-23,中国,取引中止,平屋,0
2026-05-23,中国,取引中止,建物,1
2026-05-23,中国,取引中止,農地,0
2026-05-23,中国,受付停止,,15
2026-05-23,中国,受付停止,アパート,0
2026-05-23,中国,受付停止,ビル,0
2026-05-23,中国,受付停止,マンション,0
2026-05-23,中国,受付停止,別荘地,0
2026-05-23,中国,受付停止,土地,6
2026-05-23,中国,受付停止,土地及び建物,9
2026-05-23,中国,受付停止,平屋,0
2026-05-23,中国,受付停止,建物,0
2026-05-23,中国,受付停止,農地,0
2026-05-23,中国,成約済,,119
2026-05-23,中国,成約済,アパート,0
2026-05-23,中国,成約済,ビル,0
2026-05-23,中国,成約済,マンション,0
2026-05-23,中国,成約済,別荘地,1
2026-05-23,中国,成約済,土地,36
2026-05-23,中国,成約済,土地及び建物,80
2026-05-23,中国,成約済,平屋,2
2026-05-23,中国,成約済,建物,3
2026-05-23,中国,成約済,農地,0
2026-05-23,九州・沖縄,,,132
2026-05-23,九州・沖縄,,アパート,0
2026-05-23,九州・沖縄,,ビル,0
2026-05-23,九州・沖縄,,マンション,0
2026-05-23,九州・沖縄,,別荘地,0
2026-05-23,九州・沖縄,,土地,66
2026-05-23,九州・沖縄,,土地及び建物,65
2026-05-23,九州・沖縄,,平屋,1
2026-05-23,九州・沖縄,,建物,1
2026-05-23,九州・沖縄,,農地,0
2026-05-23,九州・沖縄,募集中,,16
2026-05-23,九州・沖縄,募集中,アパート,0
2026-05-23,九州・沖縄,募集中,ビル,0
2026-05-23,九州・沖縄,募集中,マンション,0
2026-05-23,九州・沖縄,募集中,別荘地,0
2026-05-23,九州・沖縄,募集中,土地,9
2026-05-23,九州・沖縄,募集中,土地及び建物,7
2026-05-23,九州・沖縄,募集中,平屋,0
2026-05-23,九州・沖縄,募集中,建物,0
2026-05-23,九州・沖縄,募集中,農地,0
2026-05-23,九州・沖縄,取引中止,,5
2026-05-23,九州・沖縄,取引中止,アパート,0
2026-05-23,九州・沖縄,取引中止,ビル,0
2026-05-23,九州・沖縄,取引中止,マンション,0
2026-05-23,九州・沖縄,取引中止,別荘地,0
2026-05-23,九州・沖縄,取引中止,土地,1
2026-05-23,九州・沖縄,取引中止,土地及び建物,4
2026-05-23,九州・沖縄,取引中止,平屋,0
2026-05-23,九州・沖縄,取引中止,建物,0
2026-05-23,九州・沖縄,取引中止,農地,0
2026-05-23,九州・沖縄,受付停止,,13
2026-05-23,九州・沖縄,受付停止,アパート,0
2026-05-23,九州・沖縄,受付停止,ビル,0
2026-05-23,九州・沖縄,受付停止,マンション,0
2026-05-23,九州・沖縄,受付停止,別荘地,0
2026-05-23,九州・沖縄,受付停止,土地,8
2026-05-23,九州・沖縄,受付停止,土地及び建物,5
2026-05-23,九州・沖縄,受付停止,平屋,0
2026-05-23,九州・沖縄,受付停止,建物,0
2026-05-23,九州・沖縄,受付停止,農地,0
2026-05-23,九州・沖縄,成約済,,98
2026-05-23,九州・沖縄,成約済,アパート,0
2026-05-23,九州・沖縄,成約済,ビル,0
2026-05-23,九州・沖縄,成約済,マンション,0
2026-05-23,九州・沖縄,成約済,別荘地,0
2026-05-23,九州・沖縄,成約済,土地,48
2026-05-23,九州・沖縄,成約済,土地及び建物,49
2026-05-23,九州・沖縄,成約済,平屋,1
2026-05-23,九州・沖縄,成約済,建物,1
2026-05-23,九州・沖縄,成約済,農地,0
2026-05-23,北海道,,,316
2026-05-23,北海道,,アパート,1
2026-05-23,北海道,,ビル,1
2026-05-23,北海道,,マンション,3
2026-05-23,北海道,,別荘地,0
2026-05-23,北海道,,土地,83
2026-05-23,北海道,,土地及び建物,214
2026-05-23,北海道,,平屋,0
2026-05-23,北海道,,建物,16
2026-05-23,北海道,,農地,0
2026-05-23,北海道,募集中,,14
2026-05-23,北海道,募集中,アパート,0
2026-05-23,北海道,募集中,ビル,0
2026-05-23,北海道,募集中,マンション,0
2026-05-23,北海道,募集中,別荘地,0
2026-05-23,北海道,募集中,土地,3
2026-05-23,北海道,募集中,土地及び建物,7
2026-05-23,北海道,募集中,平屋,0
2026-05-23,北海道,募集中,建物,4
2026-05-23,北海道,募集中,農地,0
2026-05-23,北海道,取引中止,,20
2026-05-23,北海道,取引中止,アパート,1
2026-05-23,北海道,取引中止,ビル,0
2026-05-23,北海道,取引中止,マンション,0
2026-05-23,北海道,取引中止,別荘地,0
2026-05-23,北海道,取引中止,土地,2
2026-05-23,北海道,取引中止,土地及び建物,14
2026-05-23,北海道,取引中止,平屋,0
2026-05-23,北海道,取引中止,建物,4
2026-05-23,北海道,取引中止,農地,0
2026-05-23,北海道,受付停止,,16
2026-05-23,北海道,受付停止,アパート,0
2026-05-23,北海道,受付停止,ビル,0
2026-05-23,北海道,受付停止,マンション,0
2026-05-23,北海道,受付停止,別荘地,0
2026-05-23,北海道,受付停止,土地,3
2026-05-23,北海道,受付停止,土地及び建物,13
2026-05-23,北海道,受付停止,平屋,0
2026-05-23,北海道,受付停止,建物,0
2026-05-23,北海道,受付停止,農地,0
2026-05-23,北海道,成約済,,268
2026-05-23,北海道,成約済,アパート,0
2026-05-23,北海道,成約済,ビル,1
2026-05-23,北海道,成約済,マンション,3
2026-05-23,北海道,成約済,別荘地,0
2026-05-23,北海道,成約済,土地,76
2026-05-23,北海道,成約済,土地及び建物,181
2026-05-23,北海道,成約済,平屋,0
2026-05-23,北海道,成約済,建物,8
2026-05-23,北海道,成約済,農地,0
2026-05-23,北陸,,,43
2026-05-23,北陸,,アパート,0
2026-05-23,北陸,,ビル,0
2026-05-23,北陸,,マンション,2
2026-05-23,北陸,,別荘地,0
2026-05-23,北陸,,土地,18
2026-05-23,北陸,,土地及び建物,23
2026-05-23,北陸,,平屋,0
2026-05-23,北陸,,建物,0
2026-05-23,北陸,,農地,0
2026-05-23,北陸,募集中,,4
2026-05-23,北陸,募集中,アパート,0
2026-05-23,北陸,募集中,ビル,0
2026-05-23,北陸,募集中,マンション,0
2026-05-23,北陸,募集中,別荘地,0
2026-05-23,北陸,募集中,土地,4
2026-05-23,北陸,募集中,土地及び建物,0
2026-05-23,北陸,募集中,平屋,0
2026-05-23,北陸,募集中,建物,0
2026-05-23,北陸,募集中,農地,0
2026-05-23,北陸,取引中止,,1
2026-05-23,北陸,取引中止,アパート,0
2026-05-23,北陸,取引中止,ビル,0
2026-05-23,北陸,取引中止,マンション,0
2026-05-23,北陸,取引中止,別荘地,0
2026-05-23,北陸,取引中止,土地,0
2026-05-23,北陸,取引中止,土地及び建物,1
2026-05-23,北陸,取引中止,平屋,0
2026-05-23,北陸,取引中止,建物,0
2026-05-23,北陸,取引中止,農地,0
2026-05-23,北陸,受付停止,,5
2026-05-23,北陸,受付停止,アパート,0
2026-05-23,北陸,受付停止,ビル,0
2026-05-23,北陸,受付停止,マンション,0
2026-05-23,北陸,受付停止,別荘地,0
2026-05-23,北陸,受付停止,土地,1
2026-05-23,北陸,受付停止,土地及び建物,4
2026-05-23,北陸,受付停止,平屋,0
2026-05-23,北陸,受付停止,建物,0
2026-05-23,北陸,受付停止,農地,0
2026-05-23,北陸,成約済,,33
2026-05-23,北陸,成約済,アパート,0
2026-05-23,北陸,成約済,ビル,0
2026-05-23,北陸,成約済,マンション,2
2026-05-23,北陸,成約済,別荘地,0
2026-05-23,北陸,成約済,土地,13
2026-05-23,北陸,成約済,土地及び建物,18
2026-05-23,北陸,成約済,平屋,0
2026-05-23,北陸,成約済,建物,0
2026-05-23,北陸,成約済,農地,0
2026-05-23,四国,,,86
2026-05-23,四国,,アパート,0
2026-05-23,四国,,ビル,0
2026-05-23,四国,,マンション,21
2026-05-23,四国,,別荘地,0
2026-05-23,四国,,土地,20
2026-05-23,四国,,土地及び建物,44
2026-05-23,四国,,平屋,1
2026-05-23,四国,,建物,1
2026-05-23,四国,,農地,0
2026-05-23,四国,募集中,,9
2026-05-23,四国,募集中,アパート,0
2026-05-23,四国,募集中,ビル,0
2026-05-23,四国,募集中,マンション,3
2026-05-23,四国,募集中,別荘地,0
2026-05-23,四国,募集中,土地,4
2026-05-23,四国,募集中,土地及び建物,2
2026-05-23,四国,募集中,平屋,0
2026-05-23,四国,募集中,建物,0
2026-05-23,四国,募集中,農地,0
2026-05-23,四国,取引中止,,1
2026-05-23,四国,取引中止,アパート,0
2026-05-23,四国,取引中止,ビル,0
2026-05-23,四国,取引中止,マンション,0
2026-05-23,四国,取引中止,別荘地,0
2026-05-23,四国,取引中止,土地,1
2026-05-23,四国,取引中止,土地及び建物,0
2026-05-23,四国,取引中止,平屋,0
2026-05-23,四国,取引中止,建物,0
2026-05-23,四国,取引中止,農地,0
2026-05-23,四国,受付停止,,4
2026-05-23,四国,受付停止,アパート,0
2026-05-23,四国,受付停止,ビル,0
2026-05-23,四国,受付停止,マンション,2
2026-05-23,四国,受付停止,別荘地,0
2026-05-23,四国,受付停止,土地,1
2026-05-23,四国,受付停止,土地及び建物,1
2026-05-23,四国,受付停止,平屋,0
2026-05-23,四国,受付停止,建物,0
2026-05-23,四国,受付停止,農地,0
2026-05-23,四国,成約済,,72
2026-05-23,四国,成約済,アパート,0
2026-05-23,四国,成約済,ビル,0
2026-05-23,四国,成約済,マンション,16
2026-05-23,四国,成約済,別荘地,0
2026-05-23,四国,成約済,土地,14
2026-05-23,四国,成約済,土地及び建物,41
2026-05-23,四国,成約済,平屋,1
2026-05-23,四国,成約済,建物,1
2026-05-23,四国,成約済,農地,0
2026-05-23,東北,,,138
2026-05-23,東北,,アパート,0
2026-05-23,東北,,ビル,0
2026-05-23,東北,,マンション,0
2026-05-23,東北,,別荘地,0
2026-05-23,東北,,土地,48
2026-05-23,東北,,土地及び建物,89
2026-05-23,東北,,平屋,0
2026-05-23,東北,,建物,1
2026-05-23,東北,,農地,0
2026-05-23,東北,募集中,,22
2026-05-23,東北,募集中,アパート,0
2026-05-23,東北,募集中,ビル,0
2026-05-23,東北,募集中,マンション,0
2026-05-23,東北,募集中,別荘地,0
2026-05-23,東北,募集中,土地,11
2026-05-23,東北,募集中,土地及び建物,11
2026-05-23,東北,募集中,平屋,0
2026-05-23,東北,募集中,建物,0
2026-05-23,東北,募集中,農地,0
2026-05-23,東北,取引中止,,10
2026-05-23,東北,取引中止,アパート,0
2026-05-23,東北,取引中止,ビル,0
2026-05-23,東北,取引中止,マンション,0
2026-05-23,東北,取引中止,別荘地,0
2026-05-23,東北,取引中止,土地,2
2026-05-23,東北,取引中止,土地及び建物,8
2026-05-23,東北,取引中止,平屋,0
2026-05-23,東北,取引中止,建物,0
2026-05-23,東北,取引中止,農地,0
2026-05-23,東北,受付停止,,11
2026-05-23,東北,受付停止,アパート,0
2026-05-23,東北,受付停止,ビル,0
2026-05-23,東北,受付停止,マンション,0
2026-05-23,東北,受付停止,別荘地,0
2026-05-23,東北,受付停止,土地,4
2026-05-23,東北,受付停止,土地及び建物,7
2026-05-23,東北,受付停止,平屋,0
2026-05-23,東北,受付停止,建物,0
2026-05-23,東北,受付停止,農地,0
2026-05-23,東北,成約済,,95
2026-05-23,東北,成約済,アパート,0
2026-05-23,東北,成約済,ビル,0
2026-05-23,東北,成約済,マンション,0
2026-05-23,東北,成約済,別荘地,0
2026-05-23,東北,成約済,土地,31
2026-05-23,東北,成約済,土地及び建物,63
2026-05-23,東北,成約済,平屋,0
2026-05-23,東北,成約済,建物,1
2026-05-23,東北,成約済,農地,0
2026-05-23,東海,,,244
2026-05-23,東海,,アパート,0
2026-05-23,東海,,ビル,0
2026-05-23,東海,,マンション,7
2026-05-23,東海,,別荘地,45
2026-05-23,東海,,土地,177
2026-05-23,東海,,土地及び建物,57
2026-05-23,東海,,平屋,0
2026-05-23,東海,,建物,3
2026-05-23,東海,,農地,0
2026-05-23,東海,募集中,,33
2026-05-23,東海,募集中,アパート,0
2026-05-23,東海,募集中,ビル,0
2026-05-23,東海,募集中,マンション,2
2026-05-23,東海,募集中,別荘地,5
2026-05-23,東海,募集中,土地,27
2026-05-23,東海,募集中,土地及び建物,4
2026-05-23,東海,募集中,平屋,0
2026-05-23,東海,募集中,建物,0
2026-05-23,東海,募集中,農地,0
2026-05-23,東海,取引中止,,12
2026-05-23,東海,取引中止,アパート,0
2026-05-23,東海,取引中止,ビル,0
2026-05-23,東海,取引中止,マンション,1
2026-05-23,東海,取引中止,別荘地,2
2026-05-23,東海,取引中止,土地,6
2026-05-23,東海,取引中止,土地及び建物,5
2026-05-23,東海,取引中止,平屋,0
2026-05-23,東海,取引中止,建物,0
2026-05-23,東海,取引中止,農地,0
2026-05-23,東海,受付停止,,11
2026-05-23,東海,受付停止,アパート,0
2026-05-23,東海,受付停止,ビル,0
2026-05-23,東海,受付停止,マンション,1
2026-05-23,東海,受付停止,別荘地,0
2026-05-23,東海,受付停止,土地,7
2026-05-23,東海,受付停止,土地及び建物,3
2026-05-23,東海,受付停止,平屋,0
2026-05-23,東海,受付停止,建物,0
2026-05-23,東海,受付停止,農地,0
2026-05-23,東海,成約済,,187
2026-05-23,東海,成約済,アパート,0
2026-05-23,東海,成約済,ビル,0
2026-05-23,東海,成約済,マンション,3
2026-05-23,東海,成約済,別荘地,37
2026-05-23,東海,成約済,土地,136
2026-05-23,東海,成約済,土地及び建物,45
2026-05-23,東海,成約済,平屋,0
2026-05-23,東海,成約済,建物,3
2026-05-23,東海,成約済,農地,0
2026-05-23,甲信越,,,219
2026-05-23,甲信越,,アパート,0
2026-05-23,甲信越,,ビル,0
2026-05-23,甲信越,,マンション,43
2026-05-23,甲信越,,別荘地,22
2026-05-23,甲信越,,土地,101
2026-05-23,甲信越,,土地及び建物,72
2026-05-23,甲信越,,平屋,0
2026-05-23,甲信越,,建物,3
2026-05-23,甲信越,,農地,0
2026-05-23,甲信越,募集中,,19
2026-05-23,甲信越,募集中,アパート,0
2026-05-23,甲信越,募集中,ビル,0
2026-05-23,甲信越,募集中,マンション,1
2026-05-23,甲信越,募集中,別荘地,1
2026-05-23,甲信越,募集中,土地,12
2026-05-23,甲信越,募集中,土地及び建物,6
2026-05-23,甲信越,募集中,平屋,0
2026-05-23,甲信越,募集中,建物,0
2026-05-23,甲信越,募集中,農地,0
2026-05-23,甲信越,取引中止,,13
2026-05-23,甲信越,取引中止,アパート,0
2026-05-23,甲信越,取引中止,ビル,0
2026-05-23,甲信越,取引中止,マンション,1
2026-05-23,甲信越,取引中止,別荘地,0
2026-05-23,甲信越,取引中止,土地,4
2026-05-23,甲信越,取引中止,土地及び建物,8
2026-05-23,甲信越,取引中止,平屋,0
2026-05-23,甲信越,取引中止,建物,0
2026-05-23,甲信越,取引中止,農地,0
2026-05-23,甲信越,受付停止,,23
2026-05-23,甲信越,受付停止,アパート,0
2026-05-23,甲信越,受付停止,ビル,0
2026-05-23,甲信越,受付停止,マンション,5
2026-05-23,甲信越,受付停止,別荘地,0
2026-05-23,甲信越,受付停止,土地,12
2026-05-23,甲信越,受付停止,土地及び建物,6
2026-05-23,甲信越,受付停止,平屋,0
2026-05-23,甲信越,受付停止,建物,0
2026-05-23,甲信越,受付停止,農地,0
2026-05-23,甲信越,成約済,,164
2026-05-23,甲信越,成約済,アパート,0
2026-05-23,甲信越,成約済,ビル,0
2026-05-23,甲信越,成約済,マンション,36
2026-05-23,甲信越,成約済,別荘地,21
2026-05-23,甲信越,成約済,土地,73
2026-05-23,甲信越,成約済,土地及び建物,52
2026-05-23,甲信越,成約済,平屋,0
2026-05-23,甲信越,成約済,建物,3
2026-05-23,甲信越,成約済,農地,0
2026-05-23,近畿,,,109
2026-05-23,近畿,,アパート,0
2026-05-23,近畿,,ビル,0
2026-05-23,近畿,,マンション,5
2026-05-23,近畿,,別荘地,3
2026-05-23,近畿,,土地,60
2026-05-23,近畿,,土地及び建物,42
2026-05-23,近畿,,平屋,0
2026-05-23,近畿,,建物,2
2026-05-23,近畿,,農地,0
2026-05-23,近畿,募集中,,13
2026-05-23,近畿,募集中,アパート,0
2026-05-23,近畿,募集中,ビル,0
2026-05-23,近畿,募集中,マンション,0
2026-05-23,近畿,募集中,別荘地,1
2026-05-23,近畿,募集中,土地,9
2026-05-23,近畿,募集中,土地及び建物,4
2026-05-23,近畿,募集中,平屋,0
2026-05-23,近畿,募集中,建物,0
2026-05-23,近畿,募集中,農地,0
2026-05-23,近畿,取引中止,,11
2026-05-23,近畿,取引中止,アパート,0
2026-05-23,近畿,取引中止,ビル,0
2026-05-23,近畿,取引中止,マンション,0
2026-05-23,近畿,取引中止,別荘地,0
2026-05-23,近畿,取引中止,土地,3
2026-05-23,近畿,取引中止,土地及び建物,8
2026-05-23,近畿,取引中止,平屋,0
2026-05-23,近畿,取引中止,建物,0
2026-05-23,近畿,取引中止,農地,0
2026-05-23,近畿,受付停止,,9
2026-05-23,近畿,受付停止,アパート,0
2026-05-23,近畿,受付停止,ビル,0
2026-05-23,近畿,受付停止,マンション,0
2026-05-23,近畿,受付停止,別荘地,0
2026-05-23,近畿,受付停止,土地,4
2026-05-23,近畿,受付停止,土地及び建物,4
2026-05-23,近畿,受付停止,平屋,0
2026-05-23,近畿,受付停止,建物,1
2026-05-23,近畿,受付停止,農地,0
2026-05-23,近畿,成約済,,76
2026-05-23,近畿,成約済,アパート,0
2026-05-23,近畿,成約済,ビル,0
2026-05-23,近畿,成約済,マンション,5
2026-05-23,近畿,成約済,別荘地,2
2026-05-23,近畿,成約済,土地,44
2026-05-23,近畿,成約済,土地及び建物,26
2026-05-23,近畿,成約済,平屋,0
2026-05-23,近畿,成約済,建物,1
2026-05-23,近畿,成約済,農地,0
2026-05-23,関東,,,401
2026-05-23,関東,,アパート,0
2026-05-23,関東,,ビル,0
2026-05-23,関東,,マンション,17
2026-05-23,関東,,別荘地,18
2026-05-23,関東,,土地,337
2026-05-23,関東,,土地及び建物,45
2026-05-23,関東,,平屋,0
2026-05-23,関東,,建物,2
2026-05-23,関東,,農地,0
2026-05-23,関東,募集中,,42
2026-05-23,関東,募集中,アパート,0
2026-05-23,関東,募集中,ビル,0
2026-05-23,関東,募集中,マンション,1
2026-05-23,関東,募集中,別荘地,0
2026-05-23,関東,募集中,土地,39
2026-05-23,関東,募集中,土地及び建物,2
2026-05-23,関東,募集中,平屋,0
2026-05-23,関東,募集中,建物,0
2026-05-23,関東,募集中,農地,0
2026-05-23,関東,取引中止,,14
2026-05-23,関東,取引中止,アパート,0
2026-05-23,関東,取引中止,ビル,0
2026-05-23,関東,取引中止,マンション,1
2026-05-23,関東,取引中止,別荘地,3
2026-05-23,関東,取引中止,土地,12
2026-05-23,関東,取引中止,土地及び建物,1
2026-05-23,関東,取引中止,平屋,0
2026-05-23,関東,取引中止,建物,0
2026-05-23,関東,取引中止,農地,0
2026-05-23,関東,受付停止,,27
2026-05-23,関東,受付停止,アパート,0
2026-05-23,関東,受付停止,ビル,0
2026-05-23,関東,受付停止,マンション,3
2026-05-23,関東,受付停止,別荘地,0
2026-05-23,関東,受付停止,土地,20
2026-05-23,関東,受付停止,土地及び建物,4
2026-05-23,関東,受付停止,平屋,0
2026-05-23,関東,受付停止,建物,0
2026-05-23,関東,受付停止,農地,0
2026-05-23,関東,成約済,,318
2026-05-23,関東,成約済,アパート,0
2026-05-23,関東,成約済,ビル,0
2026-05-23,関東,成約済,マンション,12
2026-05-23,関東,成約済,別荘地,15
2026-05-23,関東,成約済,土地,266
2026-05-23,関東,成約済,土地及び建物,38
2026-05-23,関東,成約済,平屋,0
2026-05-23,関東,成約済,建物,2
2026-05-23,関東,成約済,農地,0
2026-05-24,,,アパート,1
2026-05-24,,,ビル,1
2026-05-24,,,マンション,98
2026-05-24,,,別荘地,89
2026-05-24,,,土地,968
2026-05-24,,,土地及び建物,756
2026-05-24,,,平屋,4
2026-05-24,,,建物,33
2026-05-24,,,農地,1
2026-05-24,,募集中,,198
2026-05-24,,募集中,アパート,0
2026-05-24,,募集中,ビル,0
2026-05-24,,募集中,マンション,7
2026-05-24,,募集中,別荘地,7
2026-05-24,,募集中,土地,132
2026-05-24,,募集中,土地及び建物,55
2026-05-24,,募集中,平屋,0
2026-05-24,,募集中,建物,4
2026-05-24,,募集中,農地,1
2026-05-24,,取引中止,,93
2026-05-24,,取引中止,アパート,1
2026-05-24,,取引中止,ビル,0
2026-05-24,,取引中止,マンション,3
2026-05-24,,取引中止,別荘地,5
2026-05-24,,取引中止,土地,33
2026-05-24,,取引中止,土地及び建物,52
2026-05-24,,取引中止,平屋,0
2026-05-24,,取引中止,建物,5
2026-05-24,,取引中止,農地,0
2026-05-24,,受付停止,,134
2026-05-24,,受付停止,アパート,0
2026-05-24,,受付停止,ビル,0
2026-05-24,,受付停止,マンション,11
2026-05-24,,受付停止,別荘地,0
2026-05-24,,受付停止,土地,66
2026-05-24,,受付停止,土地及び建物,56
2026-05-24,,受付停止,平屋,0
2026-05-24,,受付停止,建物,1
2026-05-24,,受付停止,農地,0
2026-05-24,,成約済,,1431
2026-05-24,,成約済,アパート,0
2026-05-24,,成約済,ビル,1
2026-05-24,,成約済,マンション,77
2026-05-24,,成約済,別荘地,76
2026-05-24,,成約済,土地,737
2026-05-24,,成約済,土地及び建物,594
2026-05-24,,成約済,平屋,4
2026-05-24,,成約済,建物,23
2026-05-24,,成約済,農地,0
2026-05-24,中国,,,166
2026-05-24,中国,,アパート,0
2026-05-24,中国,,ビル,0
2026-05-24,中国,,マンション,0
2026-05-24,中国,,別荘地,1
2026-05-24,中国,,土地,58
2026-05-24,中国,,土地及び建物,104
2026-05-24,中国,,平屋,2
2026-05-24,中国,,建物,4
2026-05-24,中国,,農地,1
2026-05-24,中国,募集中,,26
2026-05-24,中国,募集中,アパート,0
2026-05-24,中国,募集中,ビル,0
2026-05-24,中国,募集中,マンション,0
2026-05-24,中国,募集中,別荘地,0
2026-05-24,中国,募集中,土地,14
2026-05-24,中国,募集中,土地及び建物,12
2026-05-24,中国,募集中,平屋,0
2026-05-24,中国,募集中,建物,0
2026-05-24,中国,募集中,農地,1
2026-05-24,中国,取引中止,,6
2026-05-24,中国,取引中止,アパート,0
2026-05-24,中国,取引中止,ビル,0
2026-05-24,中国,取引中止,マンション,0
2026-05-24,中国,取引中止,別荘地,0
2026-05-24,中国,取引中止,土地,2
2026-05-24,中国,取引中止,土地及び建物,3
2026-05-24,中国,取引中止,平屋,0
2026-05-24,中国,取引中止,建物,1
2026-05-24,中国,取引中止,農地,0
2026-05-24,中国,受付停止,,15
2026-05-24,中国,受付停止,アパート,0
2026-05-24,中国,受付停止,ビル,0
2026-05-24,中国,受付停止,マンション,0
2026-05-24,中国,受付停止,別荘地,0
2026-05-24,中国,受付停止,土地,6
2026-05-24,中国,受付停止,土地及び建物,9
2026-05-24,中国,受付停止,平屋,0
2026-05-24,中国,受付停止,建物,0
2026-05-24,中国,受付停止,農地,0
2026-05-24,中国,成約済,,119
2026-05-24,中国,成約済,アパート,0
2026-05-24,中国,成約済,ビル,0
2026-05-24,中国,成約済,マンション,0
2026-05-24,中国,成約済,別荘地,1
2026-05-24,中国,成約済,土地,36
2026-05-24,中国,成約済,土地及び建物,80
2026-05-24,中国,成約済,平屋,2
2026-05-24,中国,成約済,建物,3
2026-05-24,中国,成約済,農地,0
2026-05-24,九州・沖縄,,,132
2026-05-24,九州・沖縄,,アパート,0
2026-05-24,九州・沖縄,,ビル,0
2026-05-24,九州・沖縄,,マンション,0
2026-05-24,九州・沖縄,,別荘地,0
2026-05-24,九州・沖縄,,土地,66
2026-05-24,九州・沖縄,,土地及び建物,65
2026-05-24,九州・沖縄,,平屋,1
2026-05-24,九州・沖縄,,建物,1
2026-05-24,九州・沖縄,,農地,0
2026-05-24,九州・沖縄,募集中,,16
2026-05-24,九州・沖縄,募集中,アパート,0
2026-05-24,九州・沖縄,募集中,ビル,0
2026-05-24,九州・沖縄,募集中,マンション,0
2026-05-24,九州・沖縄,募集中,別荘地,0
2026-05-24,九州・沖縄,募集中,土地,9
2026-05-24,九州・沖縄,募集中,土地及び建物,7
2026-05-24,九州・沖縄,募集中,平屋,0
2026-05-24,九州・沖縄,募集中,建物,0
2026-05-24,九州・沖縄,募集中,農地,0
2026-05-24,九州・沖縄,取引中止,,5
2026-05-24,九州・沖縄,取引中止,アパート,0
2026-05-24,九州・沖縄,取引中止,ビル,0
2026-05-24,九州・沖縄,取引中止,マンション,0
2026-05-24,九州・沖縄,取引中止,別荘地,0
2026-05-24,九州・沖縄,取引中止,土地,1
2026-05-24,九州・沖縄,取引中止,土地及び建物,4
2026-05-24,九州・沖縄,取引中止,平屋,0
2026-05-24,九州・沖縄,取引中止,建物,0
2026-05-24,九州・沖縄,取引中止,農地,0
2026-05-24,九州・沖縄,受付停止,,13
2026-05-24,九州・沖縄,受付停止,アパート,0
2026-05-24,九州・沖縄,受付停止,ビル,0
2026-05-24,九州・沖縄,受付停止,マンション,0
2026-05-24,九州・沖縄,受付停止,別荘地,0
2026-05-24,九州・沖縄,受付停止,土地,8
2026-05-24,九州・沖縄,受付停止,土地及び建物,5
2026-05-24,九州・沖縄,受付停止,平屋,0
2026-05-24,九州・沖縄,受付停止,建物,0
2026-05-24,九州・沖縄,受付停止,農地,0
2026-05-24,九州・沖縄,成約済,,98
2026-05-24,九州・沖縄,成約済,アパート,0
2026-05-24,九州・沖縄,成約済,ビル,0
2026-05-24,九州・沖縄,成約済,マンション,0
2026-05-24,九州・沖縄,成約済,別荘地,0
2026-05-24,九州・沖縄,成約済,土地,48
2026-05-24,九州・沖縄,成約済,土地及び建物,49
2026-05-24,九州・沖縄,成約済,平屋,1
2026-05-24,九州・沖縄,成約済,建物,1
2026-05-24,九州・沖縄,成約済,農地,0
2026-05-24,北海道,,,316
2026-05-24,北海道,,アパート,1
2026-05-24,北海道,,ビル,1
2026-05-24,北海道,,マンション,3
2026-05-24,北海道,,別荘地,0
2026-05-24,北海道,,土地,83
2026-05-24,北海道,,土地及び建物,214
2026-05-24,北海道,,平屋,0
2026-05-24,北海道,,建物,16
2026-05-24,北海道,,農地,0
2026-05-24,北海道,募集中,,14
2026-05-24,北海道,募集中,アパート,0
2026-05-24,北海道,募集中,ビル,0
2026-05-24,北海道,募集中,マンション,0
2026-05-24,北海道,募集中,別荘地,0
2026-05-24,北海道,募集中,土地,3
2026-05-24,北海道,募集中,土地及び建物,7
2026-05-24,北海道,募集中,平屋,0
2026-05-24,北海道,募集中,建物,4
2026-05-24,北海道,募集中,農地,0
2026-05-24,北海道,取引中止,,20
2026-05-24,北海道,取引中止,アパート,1
2026-05-24,北海道,取引中止,ビル,0
2026-05-24,北海道,取引中止,マンション,0
2026-05-24,北海道,取引中止,別荘地,0
2026-05-24,北海道,取引中止,土地,2
2026-05-24,北海道,取引中止,土地及び建物,14
2026-05-24,北海道,取引中止,平屋,0
2026-05-24,北海道,取引中止,建物,4
2026-05-24,北海道,取引中止,農地,0
2026-05-24,北海道,受付停止,,16
2026-05-24,北海道,受付停止,アパート,0
2026-05-24,北海道,受付停止,ビル,0
2026-05-24,北海道,受付停止,マンション,0
2026-05-24,北海道,受付停止,別荘地,0
2026-05-24,北海道,受付停止,土地,3
2026-05-24,北海道,受付停止,土地及び建物,13
2026-05-24,北海道,受付停止,平屋,0
2026-05-24,北海道,受付停止,建物,0
2026-05-24,北海道,受付停止,農地,0
2026-05-24,北海道,成約済,,268
2026-05-24,北海道,成約済,アパート,0
2026-05-24,北海道,成約済,ビル,1
2026-05-24,北海道,成約済,マンション,3
2026-05-24,北海道,成約済,別荘地,0
2026-05-24,北海道,成約済,土地,76
2026-05-24,北海道,成約済,土地及び建物,181
2026-05-24,北海道,成約済,平屋,0
2026-05-24,北海道,成約済,建物,8
2026-05-24,北海道,成約済,農地,0
2026-05-24,北陸,,,43
2026-05-24,北陸,,アパート,0
2026-05-24,北陸,,ビル,0
2026-05-24,北陸,,マンション,2
2026-05-24,北陸,,別荘地,0
2026-05-24,北陸,,土地,18
2026-05-24,北陸,,土地及び建物,23
2026-05-24,北陸,,平屋,0
2026-05-24,北陸,,建物,0
2026-05-24,北陸,,農地,0
2026-05-24,北陸,募集中,,4
2026-05-24,北陸,募集中,アパート,0
2026-05-24,北陸,募集中,ビル,0
2026-05-24,北陸,募集中,マンション,0
2026-05-24,北陸,募集中,別荘地,0
2026-05-24,北陸,募集中,土地,4
2026-05-24,北陸,募集中,土地及び建物,0
2026-05-24,北陸,募集中,平屋,0
2026-05-24,北陸,募集中,建物,0
2026-05-24,北陸,募集中,農地,0
2026-05-24,北陸,取引中止,,1
2026-05-24,北陸,取引中止,アパート,0
2026-05-24,北陸,取引中止,ビル,0
2026-05-24,北陸,取引中止,マンション,0
2026-05-24,北陸,取引中止,別荘地,0
2026-05-24,北陸,取引中止,土地,0
2026-05-24,北陸,取引中止,土地及び建物,1
2026-05-24,北陸,取引中止,平屋,0
2026-05-24,北陸,取引中止,建物,0
2026-05-24,北陸,取引中止,農地,0
2026-05-24,北陸,受付停止,,5
2026-05-24,北陸,受付停止,アパート,0
2026-05-24,北陸,受付停止,ビル,0
2026-05-24,北陸,受付停止,マンション,0
2026-05-24,北陸,受付停止,別荘地,0
2026-05-24,北陸,受付停止,土地,1
2026-05-24,北陸,受付停止,土地及び建物,4
2026-05-24,北陸,受付停止,平屋,0
2026-05-24,北陸,受付停止,建物,0
2026-05-24,北陸,受付停止,農地,0
2026-05-24,北陸,成約済,,33
2026-05-24,北陸,成約済,アパート,0
2026-05-24,北陸,成約済,ビル,0
2026-05-24,北陸,成約済,マンション,2
2026-05-24,北陸,成約済,別荘地,0
2026-05-24,北陸,成約済,土地,13
2026-05-24,北陸,成約済,土地及び建物,18
2026-05-24,北陸,成約済,平屋,0
2026-05-24,北陸,成約済,建物,0
2026-05-24,北陸,成約済,農地,0
2026-05-24,四国,,,86
2026-05-24,四国,,アパート,0
2026-05-24,四国,,ビル,0
2026-05-24,四国,,マンション,21
2026-05-24,四国,,別荘地,0
2026-05-24,四国,,土地,20
2026-05-24,四国,,土地及び建物,44
2026-05-24,四国,,平屋,1
2026-05-24,四国,,建物,1
2026-05-24,四国,,農地,0
2026-05-24,四国,募集中,,9
2026-05-24,四国,募集中,アパート,0
2026-05-24,四国,募集中,ビル,0
2026-05-24,四国,募集中,マンション,3
2026-05-24,四国,募集中,別荘地,0
2026-05-24,四国,募集中,土地,4
2026-05-24,四国,募集中,土地及び建物,2
2026-05-24,四国,募集中,平屋,0
2026-05-24,四国,募集中,建物,0
2026-05-24,四国,募集中,農地,0
2026-05-24,四国,取引中止,,1
2026-05-24,四国,取引中止,アパート,0
2026-05-24,四国,取引中止,ビル,0
2026-05-24,四国,取引中止,マンション,0
2026-05-24,四国,取引中止,別荘地,0
2026-05-24,四国,取引中止,土地,1
2026-05-24,四国,取引中止,土地及び建物,0
2026-05-24,四国,取引中止,平屋,0
2026-05-24,四国,取引中止,建物,0
2026-05-24,四国,取引中止,農地,0
2026-05-24,四国,受付停止,,4
2026-05-24,四国,受付停止,アパート,0
2026-05-24,四国,受付停止,ビル,0
2026-05-24,四国,受付停止,マンション,2
2026-05-24,四国,受付停止,別荘地,0
2026-05-24,四国,受付停止,土地,1
2026-05-24,四国,受付停止,土地及び建物,1
2026-05-24,四国,受付停止,平屋,0
2026-05-24,四国,受付停止,建物,0
2026-05-24,四国,受付停止,農地,0
2026-05-24,四国,成約済,,72
2026-05-24,四国,成約済,アパート,0
2026-05-24,四国,成約済,ビル,0
2026-05-24,四国,成約済,マンション,16
2026-05-24,四国,成約済,別荘地,0
2026-05-24,四国,成約済,土地,14
2026-05-24,四国,成約済,土地及び建物,41
2026-05-24,四国,成約済,平屋,1
2026-05-24,四国,成約済,建物,1
2026-05-24,四国,成約済,農地,0
2026-05-24,東北,,,138
2026-05-24,東北,,アパート,0
2026-05-24,東北,,ビル,0
2026-05-24,東北,,マンション,0
2026-05-24,東北,,別荘地,0
2026-05-24,東北,,土地,48
2026-05-24,東北,,土地及び建物,89
2026-05-24,東北,,平屋,0
2026-05-24,東北,,建物,1
2026-05-24,東北,,農地,0
2026-05-24,東北,募集中,,22
2026-05-24,東北,募集中,アパート,0
2026-05-24,東北,募集中,ビル,0
2026-05-24,東北,募集中,マンション,0
2026-05-24,東北,募集中,別荘地,0
2026-05-24,東北,募集中,土地,11
2026-05-24,東北,募集中,土地及び建物,11
2026-05-24,東北,募集中,平屋,0
2026-05-24,東北,募集中,建物,0
2026-05-24,東北,募集中,農地,0
2026-05-24,東北,取引中止,,10
2026-05-24,東北,取引中止,アパート,0
2026-05-24,東北,取引中止,ビル,0
2026-05-24,東北,取引中止,マンション,0
2026-05-24,東北,取引中止,別荘地,0
2026-05-24,東北,取引中止,土地,2
2026-05-24,東北,取引中止,土地及び建物,8
2026-05-24,東北,取引中止,平屋,0
2026-05-24,東北,取引中止,建物,0
2026-05-24,東北,取引中止,農地,0
2026-05-24,東北,受付停止,,11
2026-05-24,東北,受付停止,アパート,0
2026-05-24,東北,受付停止,ビル,0
2026-05-24,東北,受付停止,マンション,0
2026-05-24,東北,受付停止,別荘地,0
2026-05-24,東北,受付停止,土地,4
2026-05-24,東北,受付停止,土地及び建物,7
2026-05-24,東北,受付停止,平屋,0
2026-05-24,東北,受付停止,建物,0
2026-05-24,東北,受付停止,農地,0
2026-05-24,東北,成約済,,95
2026-05-24,東北,成約済,アパート,0
2026-05-24,東北,成約済,ビル,0
2026-05-24,東北,成約済,マンション,0
2026-05-24,東北,成約済,別荘地,0
2026-05-24,東北,成約済,土地,31
2026-05-24,東北,成約済,土地及び建物,63
2026-05-24,東北,成約済,平屋,0
2026-05-24,東北,成約済,建物,1
2026-05-24,東北,成約済,農地,0
2026-05-24,東海,,,244
2026-05-24,東海,,アパート,0
2026-05-24,東海,,ビル,0
2026-05-24,東海,,マンション,7
2026-05-24,東海,,別荘地,45
2026-05-24,東海,,土地,177
2026-05-24,東海,,土地及び建物,57
2026-05-24,東海,,平屋,0
2026-05-24,東海,,建物,3
2026-05-24,東海,,農地,0
2026-05-24,東海,募集中,,33
2026-05-24,東海,募集中,アパート,0
2026-05-24,東海,募集中,ビル,0
2026-05-24,東海,募集中,マンション,2
2026-05-24,東海,募集中,別荘地,5
2026-05-24,東海,募集中,土地,27
2026-05-24,東海,募集中,土地及び建物,4
2026-05-24,東海,募集中,平屋,0
2026-05-24,東海,募集中,建物,0
2026-05-24,東海,募集中,農地,0
2026-05-24,東海,取引中止,,12
2026-05-24,東海,取引中止,アパート,0
2026-05-24,東海,取引中止,ビル,0
2026-05-24,東海,取引中止,マンション,1
2026-05-24,東海,取引中止,別荘地,2
2026-05-24,東海,取引中止,土地,6
2026-05-24,東海,取引中止,土地及び建物,5
2026-05-24,東海,取引中止,平屋,0
2026-05-24,東海,取引中止,建物,0
2026-05-24,東海,取引中止,農地,0
2026-05-24,東海,受付停止,,11
2026-05-24,東海,受付停止,アパート,0
2026-05-24,東海,受付停止,ビル,0
2026-05-24,東海,受付停止,マンション,1
2026-05-24,東海,受付停止,別荘地,0
2026-05-24,東海,受付停止,土地,7
2026-05-24,東海,受付停止,土地及び建物,3
2026-05-24,東海,受付停止,平屋,0
2026-05-24,東海,受付停止,建物,0
2026-05-24,東海,受付停止,農地,0
2026-05-24,東海,成約済,,187
2026-05-24,東海,成約済,アパート,0
2026-05-24,東海,成約済,ビル,0
2026-05-24,東海,成約済,マンション,3
2026-05-24,東海,成約済,別荘地,37
2026-05-24,東海,成約済,土地,136
2026-05-24,東海,成約済,土地及び建物,45
2026-05-24,東海,成約済,平屋,0
2026-05-24,東海,成約済,建物,3
2026-05-24,東海,成約済,農地,0
2026-05-24,甲信越,,,219
2026-05-24,甲信越,,アパート,0
2026-05-24,甲信越,,ビル,0
2026-05-24,甲信越,,マンション,43
2026-05-24,甲信越,,別荘地,22
2026-05-24,甲信越,,土地,101
2026-05-24,甲信越,,土地及び建物,72
2026-05-24,甲信越,,平屋,0
2026-05-24,甲信越,,建物,3
2026-05-24,甲信越,,農地,0
2026-05-24,甲信越,募集中,,19
2026-05-24,甲信越,募集中,アパート,0
2026-05-24,甲信越,募集中,ビル,0
2026-05-24,甲信越,募集中,マンション,1
2026-05-24,甲信越,募集中,別荘地,1
2026-05-24,甲信越,募集中,土地,12
2026-05-24,甲信越,募集中,土地及び建物,6
2026-05-24,甲信越,募集中,平屋,0
2026-05-24,甲信越,募集中,建物,0
2026-05-24,甲信越,募集中,農地,0
2026-05-24,甲信越,取引中止,,13
2026-05-24,甲信越,取引中止,アパート,0
2026-05-24,甲信越,取引中止,ビル,0
2026-05-24,甲信越,取引中止,マンション,1
2026-05-24,甲信越,取引中止,別荘地,0
2026-05-24,甲信越,取引中止,土地,4
2026-05-24,甲信越,取引中止,土地及び建物,8
2026-05-24,甲信越,取引中止,平屋,0
2026-05-24,甲信越,取引中止,建物,0
2026-05-24,甲信越,取引中止,農地,0
2026-05-24,甲信越,受付停止,,23
2026-05-24,甲信越,受付停止,アパート,0
2026-05-24,甲信越,受付停止,ビル,0
2026-05-24,甲信越,受付停止,マンション,5
2026-05-24,甲信越,受付停止,別荘地,0
2026-05-24,甲信越,受付停止,土地,12
2026-05-24,甲信越,受付停止,土地及び建物,6
2026-05-24,甲信越,受付停止,平屋,0
2026-05-24,甲信越,受付停止,建物,0
2026-05-24,甲信越,受付停止,農地,0
2026-05-24,甲信越,成約済,,164
2026-05-24,甲信越,成約済,アパート,0
2026-05-24,甲信越,成約済,ビル,0
2026-05-24,甲信越,成約済,マンション,36
2026-05-24,甲信越,成約済,別荘地,21
2026-05-24,甲信越,成約済,土地,73
2026-05-24,甲信越,成約済,土地及び建物,52
2026-05-24,甲信越,成約済,平屋,0
2026-05-24,甲信越,成約済,建物,3
2026-05-24,甲信越,成約済,農地,0
2026-05-24,近畿,,,109
2026-05-24,近畿,,アパート,0
2026-05-24,近畿,,ビル,0
2026-05-24,近畿,,マンション,5
2026-05-24,近畿,,別荘地,3
2026-05-24,近畿,,土地,60
2026-05-24,近畿,,土地及び建物,42
2026-05-24,近畿,,平屋,0
2026-05-24,近畿,,建物,2
2026-05-24,近畿,,農地,0
2026-05-24,近畿,募集中,,13
2026-05-24,近畿,募集中,アパート,0
2026-05-24,近畿,募集中,ビル,0
2026-05-24,近畿,募集中,マンション,0
2026-05-24,近畿,募集中,別荘地,1
2026-05-24,近畿,募集中,土地,9
2026-05-24,近畿,募集中,土地及び建物,4
2026-05-24,近畿,募集中,平屋,0
2026-05-24,近畿,募集中,建物,0
2026-05-24,近畿,募集中,農地,0
2026-05-24,近畿,取引中止,,11
2026-05-24,近畿,取引中止,アパート,0
2026-05-24,近畿,取引中止,ビル,0
2026-05-24,近畿,取引中止,マンション,0
2026-05-24,近畿,取引中止,別荘地,0
2026-05-24,近畿,取引中止,土地,3
2026-05-24,近畿,取引中止,土地及び建物,8
2026-05-24,近畿,取引中止,平屋,0
2026-05-24,近畿,取引中止,建物,0
2026-05-24,近畿,取引中止,農地,0
2026-05-24,近畿,受付停止,,9
2026-05-24,近畿,受付停止,アパート,0
2026-05-24,近畿,受付停止,ビル,0
2026-05-24,近畿,受付停止,マンション,0
2026-05-24,近畿,受付停止,別荘地,0
2026-05-24,近畿,受付停止,土地,4
2026-05-24,近畿,受付停止,土地及び建物,4
2026-05-24,近畿,受付停止,平屋,0
2026-05-24,近畿,受付停止,建物,1
2026-05-24,近畿,受付停止,農地,0
2026-05-24,近畿,成約済,,76
2026-05-24,近畿,成約済,アパート,0
2026-05-24,近畿,成約済,ビル,0
2026-05-24,近畿,成約済,マンション,5
2026-05-24,近畿,成約済,別荘地,2
2026-05-24,近畿,成約済,土地,44
2026-05-24,近畿,成約済,土地及び建物,26
2026-05-24,近畿,成約済,平屋,0
2026-05-24,近畿,成約済,建物,1
2026-05-24,近畿,成約済,農地,0
2026-05-24,関東,,,401
2026-05-24,関東,,アパート,0
2026-05-24,関東,,ビル,0
2026-05-24,関東,,マンション,17
2026-05-24,関東,,別荘地,18
2026-05-24,関東,,土地,337
2026-05-24,関東,,土地及び建物,45
2026-05-24,関東,,平屋,0
2026-05-24,関東,,建物,2
2026-05-24,関東,,農地,0
2026-05-24,関東,募集中,,42
2026-05-24,関東,募集中,アパート,0
2026-05-24,関東,募集中,ビル,0
2026-05-24,関東,募集中,マンション,1
2026-05-24,関東,募集中,別荘地,0
2026-05-24,関東,募集中,土地,39
2026-05-24,関東,募集中,土地及び建物,2
2026-05-24,関東,募集中,平屋,0
2026-05-24,関東,募集中,建物,0
2026-05-24,関東,募集中,農地,0
2026-05-24,関東,取引中止,,14
2026-05-24,関東,取引中止,アパート,0
2026-05-24,関東,取引中止,ビル,0
2026-05-24,関東,取引中止,マンション,1
2026-05-24,関東,取引中止,別荘地,3
2026-05-24,関東,取引中止,土地,12
2026-05-24,関東,取引中止,土地及び建物,1
2026-05-24,関東,取引中止,平屋,0
2026-05-24,関東,取引中止,建物,0
2026-05-24,関東,取引中止,農地,0
2026-05-24,関東,受付停止,,27
2026-05-24,関東,受付停止,アパート,0
2026-05-24,関東,受付停止,ビル,0
2026-05-24,関東,受付停止,マンション,3
2026-05-24,関東,受付停止,別荘地,0
2026-05-24,関東,受付停止,土地,20
2026-05-24,関東,受付停止,土地及び建物,4
2026-05-24,関東,受付停止,平屋,0
2026-05-24,関東,受付停止,建物,0
2026-05-24,関東,受付停止,農地,0
2026-05-24,関東,成約済,,318
2026-05-24,関東,成約済,アパート,0
2026-05-24,関東,成約済,ビル,0
2026-05-24,関東,成約済,マンション,12
2026-05-24,関東,成約済,別荘地,15
2026-05-24,関東,成約済,土地,266
2026-05-24,関東,成約済,土地及び建物,38
2026-05-24,関東,成約済,平屋,0
2026-05-24,関東,成約済,建物,2
2026-05-24,関東,成約済,農地,0
2026-05-25,,,アパート,1
2026-05-25,,,ビル,1
2026-05-25,,,マンション,98
2026-05-25,,,別荘地,89
2026-05-25,,,土地,968
2026-05-25,,,土地及び建物,756
2026-05-25,,,平屋,4
2026-05-25,,,建物,33
2026-05-25,,,農地,1
2026-05-25,,募集中,,197
2026-05-25,,募集中,アパート,0
2026-05-25,,募集中,ビル,0
2026-05-25,,募集中,マンション,7
2026-05-25,,募集中,別荘地,7
2026-05-25,,募集中,土地,132
2026-05-25,,募集中,土地及び建物,54
2026-05-25,,募集中,平屋,0
2026-05-25,,募集中,建物,4
2026-05-25,,募集中,農地,1
2026-05-25,,取引中止,,93
2026-05-25,,取引中止,アパート,1
2026-05-25,,取引中止,ビル,0
2026-05-25,,取引中止,マンション,3
2026-05-25,,取引中止,別荘地,5
2026-05-25,,取引中止,土地,33
2026-05-25,,取引中止,土地及び建物,52
2026-05-25,,取引中止,平屋,0
2026-05-25,,取引中止,建物,5
2026-05-25,,取引中止,農地,0
2026-05-25,,受付停止,,132
2026-05-25,,受付停止,アパート,0
2026-05-25,,受付停止,ビル,0
2026-05-25,,受付停止,マンション,11
2026-05-25,,受付停止,別荘地,0
2026-05-25,,受付停止,土地,65
2026-05-25,,受付停止,土地及び建物,55
2026-05-25,,受付停止,平屋,0
2026-05-25,,受付停止,建物,1
2026-05-25,,受付停止,農地,0
2026-05-25,,成約済,,1434
2026-05-25,,成約済,アパート,0
2026-05-25,,成約済,ビル,1
2026-05-25,,成約済,マンション,77
2026-05-25,,成約済,別荘地,76
2026-05-25,,成約済,土地,738
2026-05-25,,成約済,土地及び建物,596
2026-05-25,,成約済,平屋,4
2026-05-25,,成約済,建物,23
2026-05-25,,成約済,農地,0
2026-05-25,中国,,,166
2026-05-25,中国,,アパート,0
2026-05-25,中国,,ビル,0
2026-05-25,中国,,マンション,0
2026-05-25,中国,,別荘地,1
2026-05-25,中国,,土地,58
2026-05-25,中国,,土地及び建物,104
2026-05-25,中国,,平屋,2
2026-05-25,中国,,建物,4
2026-05-25,中国,,農地,1
2026-05-25,中国,募集中,,26
2026-05-25,中国,募集中,アパート,0
2026-05-25,中国,募集中,ビル,0
2026-05-25,中国,募集中,マンション,0
2026-05-25,中国,募集中,別荘地,0
2026-05-25,中国,募集中,土地,14
2026-05-25,中国,募集中,土地及び建物,12
2026-05-25,中国,募集中,平屋,0
2026-05-25,中国,募集中,建物,0
2026-05-25,中国,募集中,農地,1
2026-05-25,中国,取引中止,,6
2026-05-25,中国,取引中止,アパート,0
2026-05-25,中国,取引中止,ビル,0
2026-05-25,中国,取引中止,マンション,0
2026-05-25,中国,取引中止,別荘地,0
2026-05-25,中国,取引中止,土地,2
2026-05-25,中国,取引中止,土地及び建物,3
2026-05-25,中国,取引中止,平屋,0
2026-05-25,中国,取引中止,建物,1
2026-05-25,中国,取引中止,農地,0
2026-05-25,中国,受付停止,,13
2026-05-25,中国,受付停止,アパート,0
2026-05-25,中国,受付停止,ビル,0
2026-05-25,中国,受付停止,マンション,0
2026-05-25,中国,受付停止,別荘地,0
2026-05-25,中国,受付停止,土地,5
2026-05-25,中国,受付停止,土地及び建物,8
2026-05-25,中国,受付停止,平屋,0
2026-05-25,中国,受付停止,建物,0
2026-05-25,中国,受付停止,農地,0
2026-05-25,中国,成約済,,121
2026-05-25,中国,成約済,アパート,0
2026-05-25,中国,成約済,ビル,0
2026-05-25,中国,成約済,マンション,0
2026-05-25,中国,成約済,別荘地,1
2026-05-25,中国,成約済,土地,37
2026-05-25,中国,成約済,土地及び建物,81
2026-05-25,中国,成約済,平屋,2
2026-05-25,中国,成約済,建物,3
2026-05-25,中国,成約済,農地,0
2026-05-25,九州・沖縄,,,132
2026-05-25,九州・沖縄,,アパート,0
2026-05-25,九州・沖縄,,ビル,0
2026-05-25,九州・沖縄,,マンション,0
2026-05-25,九州・沖縄,,別荘地,0
2026-05-25,九州・沖縄,,土地,66
2026-05-25,九州・沖縄,,土地及び建物,65
2026-05-25,九州・沖縄,,平屋,1
2026-05-25,九州・沖縄,,建物,1
2026-05-25,九州・沖縄,,農地,0
2026-05-25,九州・沖縄,募集中,,16
2026-05-25,九州・沖縄,募集中,アパート,0
2026-05-25,九州・沖縄,募集中,ビル,0
2026-05-25,九州・沖縄,募集中,マンション,0
2026-05-25,九州・沖縄,募集中,別荘地,0
2026-05-25,九州・沖縄,募集中,土地,9
2026-05-25,九州・沖縄,募集中,土地及び建物,7
2026-05-25,九州・沖縄,募集中,平屋,0
2026-05-25,九州・沖縄,募集中,建物,0
2026-05-25,九州・沖縄,募集中,農地,0
2026-05-25,九州・沖縄,取引中止,,5
2026-05-25,九州・沖縄,取引中止,アパート,0
2026-05-25,九州・沖縄,取引中止,ビル,0
2026-05-25,九州・沖縄,取引中止,マンション,0
2026-05-25,九州・沖縄,取引中止,別荘地,0
2026-05-25,九州・沖縄,取引中止,土地,1
2026-05-25,九州・沖縄,取引中止,土地及び建物,4
2026-05-25,九州・沖縄,取引中止,平屋,0
2026-05-25,九州・沖縄,取引中止,建物,0
2026-05-25,九州・沖縄,取引中止,農地,0
2026-05-25,九州・沖縄,受付停止,,13
2026-05-25,九州・沖縄,受付停止,アパート,0
2026-05-25,九州・沖縄,受付停止,ビル,0
2026-05-25,九州・沖縄,受付停止,マンション,0
2026-05-25,九州・沖縄,受付停止,別荘地,0
2026-05-25,九州・沖縄,受付停止,土地,8
2026-05-25,九州・沖縄,受付停止,土地及び建物,5
2026-05-25,九州・沖縄,受付停止,平屋,0
2026-05-25,九州・沖縄,受付停止,建物,0
2026-05-25,九州・沖縄,受付停止,農地,0
2026-05-25,九州・沖縄,成約済,,98
2026-05-25,九州・沖縄,成約済,アパート,0
2026-05-25,九州・沖縄,成約済,ビル,0
2026-05-25,九州・沖縄,成約済,マンション,0
2026-05-25,九州・沖縄,成約済,別荘地,0
2026-05-25,九州・沖縄,成約済,土地,48
2026-05-25,九州・沖縄,成約済,土地及び建物,49
2026-05-25,九州・沖縄,成約済,平屋,1
2026-05-25,九州・沖縄,成約済,建物,1
2026-05-25,九州・沖縄,成約済,農地,0
2026-05-25,北海道,,,316
2026-05-25,北海道,,アパート,1
2026-05-25,北海道,,ビル,1
2026-05-25,北海道,,マンション,3
2026-05-25,北海道,,別荘地,0
2026-05-25,北海道,,土地,83
2026-05-25,北海道,,土地及び建物,214
2026-05-25,北海道,,平屋,0
2026-05-25,北海道,,建物,16
2026-05-25,北海道,,農地,0
2026-05-25,北海道,募集中,,13
2026-05-25,北海道,募集中,アパート,0
2026-05-25,北海道,募集中,ビル,0
2026-05-25,北海道,募集中,マンション,0
2026-05-25,北海道,募集中,別荘地,0
2026-05-25,北海道,募集中,土地,3
2026-05-25,北海道,募集中,土地及び建物,6
2026-05-25,北海道,募集中,平屋,0
2026-05-25,北海道,募集中,建物,4
2026-05-25,北海道,募集中,農地,0
2026-05-25,北海道,取引中止,,20
2026-05-25,北海道,取引中止,アパート,1
2026-05-25,北海道,取引中止,ビル,0
2026-05-25,北海道,取引中止,マンション,0
2026-05-25,北海道,取引中止,別荘地,0
2026-05-25,北海道,取引中止,土地,2
2026-05-25,北海道,取引中止,土地及び建物,14
2026-05-25,北海道,取引中止,平屋,0
2026-05-25,北海道,取引中止,建物,4
2026-05-25,北海道,取引中止,農地,0
2026-05-25,北海道,受付停止,,16
2026-05-25,北海道,受付停止,アパート,0
2026-05-25,北海道,受付停止,ビル,0
2026-05-25,北海道,受付停止,マンション,0
2026-05-25,北海道,受付停止,別荘地,0
2026-05-25,北海道,受付停止,土地,3
2026-05-25,北海道,受付停止,土地及び建物,13
2026-05-25,北海道,受付停止,平屋,0
2026-05-25,北海道,受付停止,建物,0
2026-05-25,北海道,受付停止,農地,0
2026-05-25,北海道,成約済,,269
2026-05-25,北海道,成約済,アパート,0
2026-05-25,北海道,成約済,ビル,1
2026-05-25,北海道,成約済,マンション,3
2026-05-25,北海道,成約済,別荘地,0
2026-05-25,北海道,成約済,土地,76
2026-05-25,北海道,成約済,土地及び建物,182
2026-05-25,北海道,成約済,平屋,0
2026-05-25,北海道,成約済,建物,8
2026-05-25,北海道,成約済,農地,0
2026-05-25,北陸,,,43
2026-05-25,北陸,,アパート,0
2026-05-25,北陸,,ビル,0
2026-05-25,北陸,,マンション,2
2026-05-25,北陸,,別荘地,0
2026-05-25,北陸,,土地,18
2026-05-25,北陸,,土地及び建物,23
2026-05-25,北陸,,平屋,0
2026-05-25,北陸,,建物,0
2026-05-25,北陸,,農地,0
2026-05-25,北陸,募集中,,4
2026-05-25,北陸,募集中,アパート,0
2026-05-25,北陸,募集中,ビル,0
2026-05-25,北陸,募集中,マンション,0
2026-05-25,北陸,募集中,別荘地,0
2026-05-25,北陸,募集中,土地,4
2026-05-25,北陸,募集中,土地及び建物,0
2026-05-25,北陸,募集中,平屋,0
2026-05-25,北陸,募集中,建物,0
2026-05-25,北陸,募集中,農地,0
2026-05-25,北陸,取引中止,,1
2026-05-25,北陸,取引中止,アパート,0
2026-05-25,北陸,取引中止,ビル,0
2026-05-25,北陸,取引中止,マンション,0
2026-05-25,北陸,取引中止,別荘地,0
2026-05-25,北陸,取引中止,土地,0
2026-05-25,北陸,取引中止,土地及び建物,1
2026-05-25,北陸,取引中止,平屋,0
2026-05-25,北陸,取引中止,建物,0
2026-05-25,北陸,取引中止,農地,0
2026-05-25,北陸,受付停止,,5
2026-05-25,北陸,受付停止,アパート,0
2026-05-25,北陸,受付停止,ビル,0
2026-05-25,北陸,受付停止,マンション,0
2026-05-25,北陸,受付停止,別荘地,0
2026-05-25,北陸,受付停止,土地,1
2026-05-25,北陸,受付停止,土地及び建物,4
2026-05-25,北陸,受付停止,平屋,0
2026-05-25,北陸,受付停止,建物,0
2026-05-25,北陸,受付停止,農地,0
2026-05-25,北陸,成約済,,33
2026-05-25,北陸,成約済,アパート,0
2026-05-25,北陸,成約済,ビル,0
2026-05-25,北陸,成約済,マンション,2
2026-05-25,北陸,成約済,別荘地,0
2026-05-25,北陸,成約済,土地,13
2026-05-25,北陸,成約済,土地及び建物,18
2026-05-25,北陸,成約済,平屋,0
2026-05-25,北陸,成約済,建物,0
2026-05-25,北陸,成約済,農地,0
2026-05-25,四国,,,86
2026-05-25,四国,,アパート,0
2026-05-25,四国,,ビル,0
2026-05-25,四国,,マンション,21
2026-05-25,四国,,別荘地,0
2026-05-25,四国,,土地,20
2026-05-25,四国,,土地及び建物,44
2026-05-25,四国,,平屋,1
2026-05-25,四国,,建物,1
2026-05-25,四国,,農地,0
2026-05-25,四国,募集中,,9
2026-05-25,四国,募集中,アパート,0
2026-05-25,四国,募集中,ビル,0
2026-05-25,四国,募集中,マンション,3
2026-05-25,四国,募集中,別荘地,0
2026-05-25,四国,募集中,土地,4
2026-05-25,四国,募集中,土地及び建物,2
2026-05-25,四国,募集中,平屋,0
2026-05-25,四国,募集中,建物,0
2026-05-25,四国,募集中,農地,0
2026-05-25,四国,取引中止,,1
2026-05-25,四国,取引中止,アパート,0
2026-05-25,四国,取引中止,ビル,0
2026-05-25,四国,取引中止,マンション,0
2026-05-25,四国,取引中止,別荘地,0
2026-05-25,四国,取引中止,土地,1
2026-05-25,四国,取引中止,土地及び建物,0
2026-05-25,四国,取引中止,平屋,0
2026-05-25,四国,取引中止,建物,0
2026-05-25,四国,取引中止,農地,0
2026-05-25,四国,受付停止,,4
2026-05-25,四国,受付停止,アパート,0
2026-05-25,四国,受付停止,ビル,0
2026-05-25,四国,受付停止,マンション,2
2026-05-25,四国,受付停止,別荘地,0
2026-05-25,四国,受付停止,土地,1
2026-05-25,四国,受付停止,土地及び建物,1
2026-05-25,四国,受付停止,平屋,0
2026-05-25,四国,受付停止,建物,0
2026-05-25,四国,受付停止,農地,0
2026-05-25,四国,成約済,,72
2026-05-25,四国,成約済,アパート,0
2026-05-25,四国,成約済,ビル,0
2026-05-25,四国,成約済,マンション,16
2026-05-25,四国,成約済,別荘地,0
2026-05-25,四国,成約済,土地,14
2026-05-25,四国,成約済,土地及び建物,41
2026-05-25,四国,成約済,平屋,1
2026-05-25,四国,成約済,建物,1
2026-05-25,四国,成約済,農地,0
2026-05-25,東北,,,138
2026-05-25,東北,,アパート,0
2026-05-25,東北,,ビル,0
2026-05-25,東北,,マンション,0
2026-05-25,東北,,別荘地,0
2026-05-25,東北,,土地,48
2026-05-25,東北,,土地及び建物,89
2026-05-25,東北,,平屋,0
2026-05-25,東北,,建物,1
2026-05-25,東北,,農地,0
2026-05-25,東北,募集中,,22
2026-05-25,東北,募集中,アパート,0
2026-05-25,東北,募集中,ビル,0
2026-05-25,東北,募集中,マンション,0
2026-05-25,東北,募集中,別荘地,0
2026-05-25,東北,募集中,土地,11
2026-05-25,東北,募集中,土地及び建物,11
2026-05-25,東北,募集中,平屋,0
2026-05-25,東北,募集中,建物,0
2026-05-25,東北,募集中,農地,0
2026-05-25,東北,取引中止,,10
2026-05-25,東北,取引中止,アパート,0
2026-05-25,東北,取引中止,ビル,0
2026-05-25,東北,取引中止,マンション,0
2026-05-25,東北,取引中止,別荘地,0
2026-05-25,東北,取引中止,土地,2
2026-05-25,東北,取引中止,土地及び建物,8
2026-05-25,東北,取引中止,平屋,0
2026-05-25,東北,取引中止,建物,0
2026-05-25,東北,取引中止,農地,0
2026-05-25,東北,受付停止,,11
2026-05-25,東北,受付停止,アパート,0
2026-05-25,東北,受付停止,ビル,0
2026-05-25,東北,受付停止,マンション,0
2026-05-25,東北,受付停止,別荘地,0
2026-05-25,東北,受付停止,土地,4
2026-05-25,東北,受付停止,土地及び建物,7
2026-05-25,東北,受付停止,平屋,0
2026-05-25,東北,受付停止,建物,0
2026-05-25,東北,受付停止,農地,0
2026-05-25,東北,成約済,,95
2026-05-25,東北,成約済,アパート,0
2026-05-25,東北,成約済,ビル,0
2026-05-25,東北,成約済,マンション,0
2026-05-25,東北,成約済,別荘地,0
2026-05-25,東北,成約済,土地,31
2026-05-25,東北,成約済,土地及び建物,63
2026-05-25,東北,成約済,平屋,0
2026-05-25,東北,成約済,建物,1
2026-05-25,東北,成約済,農地,0
2026-05-25,東海,,,244
2026-05-25,東海,,アパート,0
2026-05-25,東海,,ビル,0
2026-05-25,東海,,マンション,7
2026-05-25,東海,,別荘地,45
2026-05-25,東海,,土地,177
2026-05-25,東海,,土地及び建物,57
2026-05-25,東海,,平屋,0
2026-05-25,東海,,建物,3
2026-05-25,東海,,農地,0
2026-05-25,東海,募集中,,33
2026-05-25,東海,募集中,アパート,0
2026-05-25,東海,募集中,ビル,0
2026-05-25,東海,募集中,マンション,2
2026-05-25,東海,募集中,別荘地,5
2026-05-25,東海,募集中,土地,27
2026-05-25,東海,募集中,土地及び建物,4
2026-05-25,東海,募集中,平屋,0
2026-05-25,東海,募集中,建物,0
2026-05-25,東海,募集中,農地,0
2026-05-25,東海,取引中止,,12
2026-05-25,東海,取引中止,アパート,0
2026-05-25,東海,取引中止,ビル,0
2026-05-25,東海,取引中止,マンション,1
2026-05-25,東海,取引中止,別荘地,2
2026-05-25,東海,取引中止,土地,6
2026-05-25,東海,取引中止,土地及び建物,5
2026-05-25,東海,取引中止,平屋,0
2026-05-25,東海,取引中止,建物,0
2026-05-25,東海,取引中止,農地,0
2026-05-25,東海,受付停止,,11
2026-05-25,東海,受付停止,アパート,0
2026-05-25,東海,受付停止,ビル,0
2026-05-25,東海,受付停止,マンション,1
2026-05-25,東海,受付停止,別荘地,0
2026-05-25,東海,受付停止,土地,7
2026-05-25,東海,受付停止,土地及び建物,3
2026-05-25,東海,受付停止,平屋,0
2026-05-25,東海,受付停止,建物,0
2026-05-25,東海,受付停止,農地,0
2026-05-25,東海,成約済,,187
2026-05-25,東海,成約済,アパート,0
2026-05-25,東海,成約済,ビル,0
2026-05-25,東海,成約済,マンション,3
2026-05-25,東海,成約済,別荘地,37
2026-05-25,東海,成約済,土地,136
2026-05-25,東海,成約済,土地及び建物,45
2026-05-25,東海,成約済,平屋,0
2026-05-25,東海,成約済,建物,3
2026-05-25,東海,成約済,農地,0
2026-05-25,甲信越,,,219
2026-05-25,甲信越,,アパート,0
2026-05-25,甲信越,,ビル,0
2026-05-25,甲信越,,マンション,43
2026-05-25,甲信越,,別荘地,22
2026-05-25,甲信越,,土地,101
2026-05-25,甲信越,,土地及び建物,72
2026-05-25,甲信越,,平屋,0
2026-05-25,甲信越,,建物,3
2026-05-25,甲信越,,農地,0
2026-05-25,甲信越,募集中,,19
2026-05-25,甲信越,募集中,アパート,0
2026-05-25,甲信越,募集中,ビル,0
2026-05-25,甲信越,募集中,マンション,1
2026-05-25,甲信越,募集中,別荘地,1
2026-05-25,甲信越,募集中,土地,12
2026-05-25,甲信越,募集中,土地及び建物,6
2026-05-25,甲信越,募集中,平屋,0
2026-05-25,甲信越,募集中,建物,0
2026-05-25,甲信越,募集中,農地,0
2026-05-25,甲信越,取引中止,,13
2026-05-25,甲信越,取引中止,アパート,0
2026-05-25,甲信越,取引中止,ビル,0
2026-05-25,甲信越,取引中止,マンション,1
2026-05-25,甲信越,取引中止,別荘地,0
2026-05-25,甲信越,取引中止,土地,4
2026-05-25,甲信越,取引中止,土地及び建物,8
2026-05-25,甲信越,取引中止,平屋,0
2026-05-25,甲信越,取引中止,建物,0
2026-05-25,甲信越,取引中止,農地,0
2026-05-25,甲信越,受付停止,,23
2026-05-25,甲信越,受付停止,アパート,0
2026-05-25,甲信越,受付停止,ビル,0
2026-05-25,甲信越,受付停止,マンション,5
2026-05-25,甲信越,受付停止,別荘地,0
2026-05-25,甲信越,受付停止,土地,12
2026-05-25,甲信越,受付停止,土地及び建物,6
2026-05-25,甲信越,受付停止,平屋,0
2026-05-25,甲信越,受付停止,建物,0
2026-05-25,甲信越,受付停止,農地,0
2026-05-25,甲信越,成約済,,164
2026-05-25,甲信越,成約済,アパート,0
2026-05-25,甲信越,成約済,ビル,0
2026-05-25,甲信越,成約済,マンション,36
2026-05-25,甲信越,成約済,別荘地,21
2026-05-25,甲信越,成約済,土地,73
2026-05-25,甲信越,成約済,土地及び建物,52
2026-05-25,甲信越,成約済,平屋,0
2026-05-25,甲信越,成約済,建物,3
2026-05-25,甲信越,成約済,農地,0
2026-05-25,近畿,,,109
2026-05-25,近畿,,アパート,0
2026-05-25,近畿,,ビル,0
2026-05-25,近畿,,マンション,5
2026-05-25,近畿,,別荘地,3
2026-05-25,近畿,,土地,60
2026-05-25,近畿,,土地及び建物,42
2026-05-25,近畿,,平屋,0
2026-05-25,近畿,,建物,2
2026-05-25,近畿,,農地,0
2026-05-25,近畿,募集中,,13
2026-05-25,近畿,募集中,アパート,0
2026-05-25,近畿,募集中,ビル,0
2026-05-25,近畿,募集中,マンション,0
2026-05-25,近畿,募集中,別荘地,1
2026-05-25,近畿,募集中,土地,9
2026-05-25,近畿,募集中,土地及び建物,4
2026-05-25,近畿,募集中,平屋,0
2026-05-25,近畿,募集中,建物,0
2026-05-25,近畿,募集中,農地,0
2026-05-25,近畿,取引中止,,11
2026-05-25,近畿,取引中止,アパート,0
2026-05-25,近畿,取引中止,ビル,0
2026-05-25,近畿,取引中止,マンション,0
2026-05-25,近畿,取引中止,別荘地,0
2026-05-25,近畿,取引中止,土地,3
2026-05-25,近畿,取引中止,土地及び建物,8
2026-05-25,近畿,取引中止,平屋,0
2026-05-25,近畿,取引中止,建物,0
2026-05-25,近畿,取引中止,農地,0
2026-05-25,近畿,受付停止,,9
2026-05-25,近畿,受付停止,アパート,0
2026-05-25,近畿,受付停止,ビル,0
2026-05-25,近畿,受付停止,マンション,0
2026-05-25,近畿,受付停止,別荘地,0
2026-05-25,近畿,受付停止,土地,4
2026-05-25,近畿,受付停止,土地及び建物,4
2026-05-25,近畿,受付停止,平屋,0
2026-05-25,近畿,受付停止,建物,1
2026-05-25,近畿,受付停止,農地,0
2026-05-25,近畿,成約済,,76
2026-05-25,近畿,成約済,アパート,0
2026-05-25,近畿,成約済,ビル,0
2026-05-25,近畿,成約済,マンション,5
2026-05-25,近畿,成約済,別荘地,2
2026-05-25,近畿,成約済,土地,44
2026-05-25,近畿,成約済,土地及び建物,26
2026-05-25,近畿,成約済,平屋,0
2026-05-25,近畿,成約済,建物,1
2026-05-25,近畿,成約済,農地,0
2026-05-25,関東,,,401
2026-05-25,関東,,アパート,0
2026-05-25,関東,,ビル,0
2026-05-25,関東,,マンション,17
2026-05-25,関東,,別荘地,18
2026-05-25,関東,,土地,337
2026-05-25,関東,,土地及び建物,45
2026-05-25,関東,,平屋,0
2026-05-25,関東,,建物,2
2026-05-25,関東,,農地,0
2026-05-25,関東,募集中,,42
2026-05-25,関東,募集中,アパート,0
2026-05-25,関東,募集中,ビル,0
2026-05-25,関東,募集中,マンション,1
2026-05-25,関東,募集中,別荘地,0
2026-05-25,関東,募集中,土地,39
2026-05-25,関東,募集中,土地及び建物,2
2026-05-25,関東,募集中,平屋,0
2026-05-25,関東,募集中,建物,0
2026-05-25,関東,募集中,農地,0
2026-05-25,関東,取引中止,,14
2026-05-25,関東,取引中止,アパート,0
2026-05-25,関東,取引中止,ビル,0
2026-05-25,関東,取引中止,マンション,1
2026-05-25,関東,取引中止,別荘地,3
2026-05-25,関東,取引中止,土地,12
2026-05-25,関東,取引中止,土地及び建物,1
2026-05-25,関東,取引中止,平屋,0
2026-05-25,関東,取引中止,建物,0
2026-05-25,関東,取引中止,農地,0
2026-05-25,関東,受付停止,,27
2026-05-25,関東,受付停止,アパート,0
2026-05-25,関東,受付停止,ビル,0
2026-05-25,関東,受付停止,マンション,3
2026-05-25,関東,受付停止,別荘地,0
2026-05-25,関東,受付停止,土地,20
2026-05-25,関東,受付停止,土地及び建物,4
2026-05-25,関東,受付停止,平屋,0
2026-05-25,関東,受付停止,建物,0
2026-05-25,関東,受付停止,農地,0
2026-05-25,関東,成約済,,318
2026-05-25,関東,成約済,アパート,0
2026-05-25,関東,成約済,ビル,0
2026-05-25,関東,成約済,マンション,12
2026-05-25,関東,成約済,別荘地,15
2026-05-25,関東,成約済,土地,266
2026-05-25,関東,成約済,土地及び建物,38
2026-05-25,関東,成約済,平屋,0
2026-05-25,関東,成約済,建物,2
2026-05-25,関東,成約済,農地,0
2026-05-26,,,アパート,1
2026-05-26,,,ビル,1
2026-05-26,,,マンション,98
2026-05-26,,,別荘地,89
2026-05-26,,,土地,968
2026-05-26,,,土地及び建物,756
2026-05-26,,,平屋,4
2026-05-26,,,建物,33
2026-05-26,,,農地,1
2026-05-26,,募集中,,197
2026-05-26,,募集中,アパート,0
2026-05-26,,募集中,ビル,0
2026-05-26,,募集中,マンション,7
2026-05-26,,募集中,別荘地,7
2026-05-26,,募集中,土地,132
2026-05-26,,募集中,土地及び建物,54
2026-05-26,,募集中,平屋,0
2026-05-26,,募集中,建物,4
2026-05-26,,募集中,農地,1
2026-05-26,,取引中止,,93
2026-05-26,,取引中止,アパート,1
2026-05-26,,取引中止,ビル,0
2026-05-26,,取引中止,マンション,3
2026-05-26,,取引中止,別荘地,5
2026-05-26,,取引中止,土地,33
2026-05-26,,取引中止,土地及び建物,52
2026-05-26,,取引中止,平屋,0
2026-05-26,,取引中止,建物,5
2026-05-26,,取引中止,農地,0
2026-05-26,,受付停止,,132
2026-05-26,,受付停止,アパート,0
2026-05-26,,受付停止,ビル,0
2026-05-26,,受付停止,マンション,11
2026-05-26,,受付停止,別荘地,0
2026-05-26,,受付停止,土地,65
2026-05-26,,受付停止,土地及び建物,55
2026-05-26,,受付停止,平屋,0
2026-05-26,,受付停止,建物,1
2026-05-26,,受付停止,農地,0
2026-05-26,,成約済,,1434
2026-05-26,,成約済,アパート,0
2026-05-26,,成約済,ビル,1
2026-05-26,,成約済,マンション,77
2026-05-26,,成約済,別荘地,76
2026-05-26,,成約済,土地,738
2026-05-26,,成約済,土地及び建物,596
2026-05-26,,成約済,平屋,4
2026-05-26,,成約済,建物,23
2026-05-26,,成約済,農地,0
2026-05-26,中国,,,166
2026-05-26,中国,,アパート,0
2026-05-26,中国,,ビル,0
2026-05-26,中国,,マンション,0
2026-05-26,中国,,別荘地,1
2026-05-26,中国,,土地,58
2026-05-26,中国,,土地及び建物,104
2026-05-26,中国,,平屋,2
2026-05-26,中国,,建物,4
2026-05-26,中国,,農地,1
2026-05-26,中国,募集中,,26
2026-05-26,中国,募集中,アパート,0
2026-05-26,中国,募集中,ビル,0
2026-05-26,中国,募集中,マンション,0
2026-05-26,中国,募集中,別荘地,0
2026-05-26,中国,募集中,土地,14
2026-05-26,中国,募集中,土地及び建物,12
2026-05-26,中国,募集中,平屋,0
2026-05-26,中国,募集中,建物,0
2026-05-26,中国,募集中,農地,1
2026-05-26,中国,取引中止,,6
2026-05-26,中国,取引中止,アパート,0
2026-05-26,中国,取引中止,ビル,0
2026-05-26,中国,取引中止,マンション,0
2026-05-26,中国,取引中止,別荘地,0
2026-05-26,中国,取引中止,土地,2
2026-05-26,中国,取引中止,土地及び建物,3
2026-05-26,中国,取引中止,平屋,0
2026-05-26,中国,取引中止,建物,1
2026-05-26,中国,取引中止,農地,0
2026-05-26,中国,受付停止,,13
2026-05-26,中国,受付停止,アパート,0
2026-05-26,中国,受付停止,ビル,0
2026-05-26,中国,受付停止,マンション,0
2026-05-26,中国,受付停止,別荘地,0
2026-05-26,中国,受付停止,土地,5
2026-05-26,中国,受付停止,土地及び建物,8
2026-05-26,中国,受付停止,平屋,0
2026-05-26,中国,受付停止,建物,0
2026-05-26,中国,受付停止,農地,0
2026-05-26,中国,成約済,,121
2026-05-26,中国,成約済,アパート,0
2026-05-26,中国,成約済,ビル,0
2026-05-26,中国,成約済,マンション,0
2026-05-26,中国,成約済,別荘地,1
2026-05-26,中国,成約済,土地,37
2026-05-26,中国,成約済,土地及び建物,81
2026-05-26,中国,成約済,平屋,2
2026-05-26,中国,成約済,建物,3
2026-05-26,中国,成約済,農地,0
2026-05-26,九州・沖縄,,,132
2026-05-26,九州・沖縄,,アパート,0
2026-05-26,九州・沖縄,,ビル,0
2026-05-26,九州・沖縄,,マンション,0
2026-05-26,九州・沖縄,,別荘地,0
2026-05-26,九州・沖縄,,土地,66
2026-05-26,九州・沖縄,,土地及び建物,65
2026-05-26,九州・沖縄,,平屋,1
2026-05-26,九州・沖縄,,建物,1
2026-05-26,九州・沖縄,,農地,0
2026-05-26,九州・沖縄,募集中,,16
2026-05-26,九州・沖縄,募集中,アパート,0
2026-05-26,九州・沖縄,募集中,ビル,0
2026-05-26,九州・沖縄,募集中,マンション,0
2026-05-26,九州・沖縄,募集中,別荘地,0
2026-05-26,九州・沖縄,募集中,土地,9
2026-05-26,九州・沖縄,募集中,土地及び建物,7
2026-05-26,九州・沖縄,募集中,平屋,0
2026-05-26,九州・沖縄,募集中,建物,0
2026-05-26,九州・沖縄,募集中,農地,0
2026-05-26,九州・沖縄,取引中止,,5
2026-05-26,九州・沖縄,取引中止,アパート,0
2026-05-26,九州・沖縄,取引中止,ビル,0
2026-05-26,九州・沖縄,取引中止,マンション,0
2026-05-26,九州・沖縄,取引中止,別荘地,0
2026-05-26,九州・沖縄,取引中止,土地,1
2026-05-26,九州・沖縄,取引中止,土地及び建物,4
2026-05-26,九州・沖縄,取引中止,平屋,0
2026-05-26,九州・沖縄,取引中止,建物,0
2026-05-26,九州・沖縄,取引中止,農地,0
2026-05-26,九州・沖縄,受付停止,,13
2026-05-26,九州・沖縄,受付停止,アパート,0
2026-05-26,九州・沖縄,受付停止,ビル,0
2026-05-26,九州・沖縄,受付停止,マンション,0
2026-05-26,九州・沖縄,受付停止,別荘地,0
2026-05-26,九州・沖縄,受付停止,土地,8
2026-05-26,九州・沖縄,受付停止,土地及び建物,5
2026-05-26,九州・沖縄,受付停止,平屋,0
2026-05-26,九州・沖縄,受付停止,建物,0
2026-05-26,九州・沖縄,受付停止,農地,0
2026-05-26,九州・沖縄,成約済,,98
2026-05-26,九州・沖縄,成約済,アパート,0
2026-05-26,九州・沖縄,成約済,ビル,0
2026-05-26,九州・沖縄,成約済,マンション,0
2026-05-26,九州・沖縄,成約済,別荘地,0
2026-05-26,九州・沖縄,成約済,土地,48
2026-05-26,九州・沖縄,成約済,土地及び建物,49
2026-05-26,九州・沖縄,成約済,平屋,1
2026-05-26,九州・沖縄,成約済,建物,1
2026-05-26,九州・沖縄,成約済,農地,0
2026-05-26,北海道,,,316
2026-05-26,北海道,,アパート,1
2026-05-26,北海道,,ビル,1
2026-05-26,北海道,,マンション,3
2026-05-26,北海道,,別荘地,0
2026-05-26,北海道,,土地,83
2026-05-26,北海道,,土地及び建物,214
2026-05-26,北海道,,平屋,0
2026-05-26,北海道,,建物,16
2026-05-26,北海道,,農地,0
2026-05-26,北海道,募集中,,13
2026-05-26,北海道,募集中,アパート,0
2026-05-26,北海道,募集中,ビル,0
2026-05-26,北海道,募集中,マンション,0
2026-05-26,北海道,募集中,別荘地,0
2026-05-26,北海道,募集中,土地,3
2026-05-26,北海道,募集中,土地及び建物,6
2026-05-26,北海道,募集中,平屋,0
2026-05-26,北海道,募集中,建物,4
2026-05-26,北海道,募集中,農地,0
2026-05-26,北海道,取引中止,,20
2026-05-26,北海道,取引中止,アパート,1
2026-05-26,北海道,取引中止,ビル,0
2026-05-26,北海道,取引中止,マンション,0
2026-05-26,北海道,取引中止,別荘地,0
2026-05-26,北海道,取引中止,土地,2
2026-05-26,北海道,取引中止,土地及び建物,14
2026-05-26,北海道,取引中止,平屋,0
2026-05-26,北海道,取引中止,建物,4
2026-05-26,北海道,取引中止,農地,0
2026-05-26,北海道,受付停止,,16
2026-05-26,北海道,受付停止,アパート,0
2026-05-26,北海道,受付停止,ビル,0
2026-05-26,北海道,受付停止,マンション,0
2026-05-26,北海道,受付停止,別荘地,0
2026-05-26,北海道,受付停止,土地,3
2026-05-26,北海道,受付停止,土地及び建物,13
2026-05-26,北海道,受付停止,平屋,0
2026-05-26,北海道,受付停止,建物,0
2026-05-26,北海道,受付停止,農地,0
2026-05-26,北海道,成約済,,269
2026-05-26,北海道,成約済,アパート,0
2026-05-26,北海道,成約済,ビル,1
2026-05-26,北海道,成約済,マンション,3
2026-05-26,北海道,成約済,別荘地,0
2026-05-26,北海道,成約済,土地,76
2026-05-26,北海道,成約済,土地及び建物,182
2026-05-26,北海道,成約済,平屋,0
2026-05-26,北海道,成約済,建物,8
2026-05-26,北海道,成約済,農地,0
2026-05-26,北陸,,,43
2026-05-26,北陸,,アパート,0
2026-05-26,北陸,,ビル,0
2026-05-26,北陸,,マンション,2
2026-05-26,北陸,,別荘地,0
2026-05-26,北陸,,土地,18
2026-05-26,北陸,,土地及び建物,23
2026-05-26,北陸,,平屋,0
2026-05-26,北陸,,建物,0
2026-05-26,北陸,,農地,0
2026-05-26,北陸,募集中,,4
2026-05-26,北陸,募集中,アパート,0
2026-05-26,北陸,募集中,ビル,0
2026-05-26,北陸,募集中,マンション,0
2026-05-26,北陸,募集中,別荘地,0
2026-05-26,北陸,募集中,土地,4
2026-05-26,北陸,募集中,土地及び建物,0
2026-05-26,北陸,募集中,平屋,0
2026-05-26,北陸,募集中,建物,0
2026-05-26,北陸,募集中,農地,0
2026-05-26,北陸,取引中止,,1
2026-05-26,北陸,取引中止,アパート,0
2026-05-26,北陸,取引中止,ビル,0
2026-05-26,北陸,取引中止,マンション,0
2026-05-26,北陸,取引中止,別荘地,0
2026-05-26,北陸,取引中止,土地,0
2026-05-26,北陸,取引中止,土地及び建物,1
2026-05-26,北陸,取引中止,平屋,0
2026-05-26,北陸,取引中止,建物,0
2026-05-26,北陸,取引中止,農地,0
2026-05-26,北陸,受付停止,,5
2026-05-26,北陸,受付停止,アパート,0
2026-05-26,北陸,受付停止,ビル,0
2026-05-26,北陸,受付停止,マンション,0
2026-05-26,北陸,受付停止,別荘地,0
2026-05-26,北陸,受付停止,土地,1
2026-05-26,北陸,受付停止,土地及び建物,4
2026-05-26,北陸,受付停止,平屋,0
2026-05-26,北陸,受付停止,建物,0
2026-05-26,北陸,受付停止,農地,0
2026-05-26,北陸,成約済,,33
2026-05-26,北陸,成約済,アパート,0
2026-05-26,北陸,成約済,ビル,0
2026-05-26,北陸,成約済,マンション,2
2026-05-26,北陸,成約済,別荘地,0
2026-05-26,北陸,成約済,土地,13
2026-05-26,北陸,成約済,土地及び建物,18
2026-05-26,北陸,成約済,平屋,0
2026-05-26,北陸,成約済,建物,0
2026-05-26,北陸,成約済,農地,0
2026-05-26,四国,,,86
2026-05-26,四国,,アパート,0
2026-05-26,四国,,ビル,0
2026-05-26,四国,,マンション,21
2026-05-26,四国,,別荘地,0
2026-05-26,四国,,土地,20
2026-05-26,四国,,土地及び建物,44
2026-05-26,四国,,平屋,1
2026-05-26,四国,,建物,1
2026-05-26,四国,,農地,0
2026-05-26,四国,募集中,,9
2026-05-26,四国,募集中,アパート,0
2026-05-26,四国,募集中,ビル,0
2026-05-26,四国,募集中,マンション,3
2026-05-26,四国,募集中,別荘地,0
2026-05-26,四国,募集中,土地,4
2026-05-26,四国,募集中,土地及び建物,2
2026-05-26,四国,募集中,平屋,0
2026-05-26,四国,募集中,建物,0
2026-05-26,四国,募集中,農地,0
2026-05-26,四国,取引中止,,1
2026-05-26,四国,取引中止,アパート,0
2026-05-26,四国,取引中止,ビル,0
2026-05-26,四国,取引中止,マンション,0
2026-05-26,四国,取引中止,別荘地,0
2026-05-26,四国,取引中止,土地,1
2026-05-26,四国,取引中止,土地及び建物,0
2026-05-26,四国,取引中止,平屋,0
2026-05-26,四国,取引中止,建物,0
2026-05-26,四国,取引中止,農地,0
2026-05-26,四国,受付停止,,4
2026-05-26,四国,受付停止,アパート,0
2026-05-26,四国,受付停止,ビル,0
2026-05-26,四国,受付停止,マンション,2
2026-05-26,四国,受付停止,別荘地,0
2026-05-26,四国,受付停止,土地,1
2026-05-26,四国,受付停止,土地及び建物,1
2026-05-26,四国,受付停止,平屋,0
2026-05-26,四国,受付停止,建物,0
2026-05-26,四国,受付停止,農地,0
2026-05-26,四国,成約済,,72
2026-05-26,四国,成約済,アパート,0
2026-05-26,四国,成約済,ビル,0
2026-05-26,四国,成約済,マンション,16
2026-05-26,四国,成約済,別荘地,0
2026-05-26,四国,成約済,土地,14
2026-05-26,四国,成約済,土地及び建物,41
2026-05-26,四国,成約済,平屋,1
2026-05-26,四国,成約済,建物,1
2026-05-26,四国,成約済,農地,0
2026-05-26,東北,,,138
2026-05-26,東北,,アパート,0
2026-05-26,東北,,ビル,0
2026-05-26,東北,,マンション,0
2026-05-26,東北,,別荘地,0
2026-05-26,東北,,土地,48
2026-05-26,東北,,土地及び建物,89
2026-05-26,東北,,平屋,0
2026-05-26,東北,,建物,1
2026-05-26,東北,,農地,0
2026-05-26,東北,募集中,,22
2026-05-26,東北,募集中,アパート,0
2026-05-26,東北,募集中,ビル,0
2026-05-26,東北,募集中,マンション,0
2026-05-26,東北,募集中,別荘地,0
2026-05-26,東北,募集中,土地,11
2026-05-26,東北,募集中,土地及び建物,11
2026-05-26,東北,募集中,平屋,0
2026-05-26,東北,募集中,建物,0
2026-05-26,東北,募集中,農地,0
2026-05-26,東北,取引中止,,10
2026-05-26,東北,取引中止,アパート,0
2026-05-26,東北,取引中止,ビル,0
2026-05-26,東北,取引中止,マンション,0
2026-05-26,東北,取引中止,別荘地,0
2026-05-26,東北,取引中止,土地,2
2026-05-26,東北,取引中止,土地及び建物,8
2026-05-26,東北,取引中止,平屋,0
2026-05-26,東北,取引中止,建物,0
2026-05-26,東北,取引中止,農地,0
2026-05-26,東北,受付停止,,11
2026-05-26,東北,受付停止,アパート,0
2026-05-26,東北,受付停止,ビル,0
2026-05-26,東北,受付停止,マンション,0
2026-05-26,東北,受付停止,別荘地,0
2026-05-26,東北,受付停止,土地,4
2026-05-26,東北,受付停止,土地及び建物,7
2026-05-26,東北,受付停止,平屋,0
2026-05-26,東北,受付停止,建物,0
2026-05-26,東北,受付停止,農地,0
2026-05-26,東北,成約済,,95
2026-05-26,東北,成約済,アパート,0
2026-05-26,東北,成約済,ビル,0
2026-05-26,東北,成約済,マンション,0
2026-05-26,東北,成約済,別荘地,0
2026-05-26,東北,成約済,土地,31
2026-05-26,東北,成約済,土地及び建物,63
2026-05-26,東北,成約済,平屋,0
2026-05-26,東北,成約済,建物,1
2026-05-26,東北,成約済,農地,0
2026-05-26,東海,,,244
2026-05-26,東海,,アパート,0
2026-05-26,東海,,ビル,0
2026-05-26,東海,,マンション,7
2026-05-26,東海,,別荘地,45
2026-05-26,東海,,土地,177
2026-05-26,東海,,土地及び建物,57
2026-05-26,東海,,平屋,0
2026-05-26,東海,,建物,3
2026-05-26,東海,,農地,0
2026-05-26,東海,募集中,,33
2026-05-26,東海,募集中,アパート,0
2026-05-26,東海,募集中,ビル,0
2026-05-26,東海,募集中,マンション,2
2026-05-26,東海,募集中,別荘地,5
2026-05-26,東海,募集中,土地,27
2026-05-26,東海,募集中,土地及び建物,4
2026-05-26,東海,募集中,平屋,0
2026-05-26,東海,募集中,建物,0
2026-05-26,東海,募集中,農地,0
2026-05-26,東海,取引中止,,12
2026-05-26,東海,取引中止,アパート,0
2026-05-26,東海,取引中止,ビル,0
2026-05-26,東海,取引中止,マンション,1
2026-05-26,東海,取引中止,別荘地,2
2026-05-26,東海,取引中止,土地,6
2026-05-26,東海,取引中止,土地及び建物,5
2026-05-26,東海,取引中止,平屋,0
2026-05-26,東海,取引中止,建物,0
2026-05-26,東海,取引中止,農地,0
2026-05-26,東海,受付停止,,11
2026-05-26,東海,受付停止,アパート,0
2026-05-26,東海,受付停止,ビル,0
2026-05-26,東海,受付停止,マンション,1
2026-05-26,東海,受付停止,別荘地,0
2026-05-26,東海,受付停止,土地,7
2026-05-26,東海,受付停止,土地及び建物,3
2026-05-26,東海,受付停止,平屋,0
2026-05-26,東海,受付停止,建物,0
2026-05-26,東海,受付停止,農地,0
2026-05-26,東海,成約済,,187
2026-05-26,東海,成約済,アパート,0
2026-05-26,東海,成約済,ビル,0
2026-05-26,東海,成約済,マンション,3
2026-05-26,東海,成約済,別荘地,37
2026-05-26,東海,成約済,土地,136
2026-05-26,東海,成約済,土地及び建物,45
2026-05-26,東海,成約済,平屋,0
2026-05-26,東海,成約済,建物,3
2026-05-26,東海,成約済,農地,0
2026-05-26,甲信越,,,219
2026-05-26,甲信越,,アパート,0
2026-05-26,甲信越,,ビル,0
2026-05-26,甲信越,,マンション,43
2026-05-26,甲信越,,別荘地,22
2026-05-26,甲信越,,土地,101
2026-05-26,甲信越,,土地及び建物,72
2026-05-26,甲信越,,平屋,0
2026-05-26,甲信越,,建物,3
2026-05-26,甲信越,,農地,0
2026-05-26,甲信越,募集中,,19
2026-05-26,甲信越,募集中,アパート,0
2026-05-26,甲信越,募集中,ビル,0
2026-05-26,甲信越,募集中,マンション,1
2026-05-26,甲信越,募集中,別荘地,1
2026-05-26,甲信越,募集中,土地,12
2026-05-26,甲信越,募集中,土地及び建物,6
2026-05-26,甲信越,募集中,平屋,0
2026-05-26,甲信越,募集中,建物,0
2026-05-26,甲信越,募集中,農地,0
2026-05-26,甲信越,取引中止,,13
2026-05-26,甲信越,取引中止,アパート,0
2026-05-26,甲信越,取引中止,ビル,0
2026-05-26,甲信越,取引中止,マンション,1
2026-05-26,甲信越,取引中止,別荘地,0
2026-05-26,甲信越,取引中止,土地,4
2026-05-26,甲信越,取引中止,土地及び建物,8
2026-05-26,甲信越,取引中止,平屋,0
2026-05-26,甲信越,取引中止,建物,0
2026-05-26,甲信越,取引中止,農地,0
2026-05-26,甲信越,受付停止,,23
2026-05-26,甲信越,受付停止,アパート,0
2026-05-26,甲信越,受付停止,ビル,0
2026-05-26,甲信越,受付停止,マンション,5
2026-05-26,甲信越,受付停止,別荘地,0
2026-05-26,甲信越,受付停止,土地,12
2026-05-26,甲信越,受付停止,土地及び建物,6
2026-05-26,甲信越,受付停止,平屋,0
2026-05-26,甲信越,受付停止,建物,0
2026-05-26,甲信越,受付停止,農地,0
2026-05-26,甲信越,成約済,,164
2026-05-26,甲信越,成約済,アパート,0
2026-05-26,甲信越,成約済,ビル,0
2026-05-26,甲信越,成約済,マンション,36
2026-05-26,甲信越,成約済,別荘地,21
2026-05-26,甲信越,成約済,土地,73
2026-05-26,甲信越,成約済,土地及び建物,52
2026-05-26,甲信越,成約済,平屋,0
2026-05-26,甲信越,成約済,建物,3
2026-05-26,甲信越,成約済,農地,0
2026-05-26,近畿,,,109
2026-05-26,近畿,,アパート,0
2026-05-26,近畿,,ビル,0
2026-05-26,近畿,,マンション,5
2026-05-26,近畿,,別荘地,3
2026-05-26,近畿,,土地,60
2026-05-26,近畿,,土地及び建物,42
2026-05-26,近畿,,平屋,0
2026-05-26,近畿,,建物,2
2026-05-26,近畿,,農地,0
2026-05-26,近畿,募集中,,13
2026-05-26,近畿,募集中,アパート,0
2026-05-26,近畿,募集中,ビル,0
2026-05-26,近畿,募集中,マンション,0
2026-05-26,近畿,募集中,別荘地,1
2026-05-26,近畿,募集中,土地,9
2026-05-26,近畿,募集中,土地及び建物,4
2026-05-26,近畿,募集中,平屋,0
2026-05-26,近畿,募集中,建物,0
2026-05-26,近畿,募集中,農地,0
2026-05-26,近畿,取引中止,,11
2026-05-26,近畿,取引中止,アパート,0
2026-05-26,近畿,取引中止,ビル,0
2026-05-26,近畿,取引中止,マンション,0
2026-05-26,近畿,取引中止,別荘地,0
2026-05-26,近畿,取引中止,土地,3
2026-05-26,近畿,取引中止,土地及び建物,8
2026-05-26,近畿,取引中止,平屋,0
2026-05-26,近畿,取引中止,建物,0
2026-05-26,近畿,取引中止,農地,0
2026-05-26,近畿,受付停止,,9
2026-05-26,近畿,受付停止,アパート,0
2026-05-26,近畿,受付停止,ビル,0
2026-05-26,近畿,受付停止,マンション,0
2026-05-26,近畿,受付停止,別荘地,0
2026-05-26,近畿,受付停止,土地,4
2026-05-26,近畿,受付停止,土地及び建物,4
2026-05-26,近畿,受付停止,平屋,0
2026-05-26,近畿,受付停止,建物,1
2026-05-26,近畿,受付停止,農地,0
2026-05-26,近畿,成約済,,76
2026-05-26,近畿,成約済,アパート,0
2026-05-26,近畿,成約済,ビル,0
2026-05-26,近畿,成約済,マンション,5
2026-05-26,近畿,成約済,別荘地,2
2026-05-26,近畿,成約済,土地,44
2026-05-26,近畿,成約済,土地及び建物,26
2026-05-26,近畿,成約済,平屋,0
2026-05-26,近畿,成約済,建物,1
2026-05-26,近畿,成約済,農地,0
2026-05-26,関東,,,401
2026-05-26,関東,,アパート,0
2026-05-26,関東,,ビル,0
2026-05-26,関東,,マンション,17
2026-05-26,関東,,別荘地,18
2026-05-26,関東,,土地,337
2026-05-26,関東,,土地及び建物,45
2026-05-26,関東,,平屋,0
2026-05-26,関東,,建物,2
2026-05-26,関東,,農地,0
2026-05-26,関東,募集中,,42
2026-05-26,関東,募集中,アパート,0
2026-05-26,関東,募集中,ビル,0
2026-05-26,関東,募集中,マンション,1
2026-05-26,関東,募集中,別荘地,0
2026-05-26,関東,募集中,土地,39
2026-05-26,関東,募集中,土地及び建物,2
2026-05-26,関東,募集中,平屋,0
2026-05-26,関東,募集中,建物,0
2026-05-26,関東,募集中,農地,0
2026-05-26,関東,取引中止,,14
2026-05-26,関東,取引中止,アパート,0
2026-05-26,関東,取引中止,ビル,0
2026-05-26,関東,取引中止,マンション,1
2026-05-26,関東,取引中止,別荘地,3
2026-05-26,関東,取引中止,土地,12
2026-05-26,関東,取引中止,土地及び建物,1
2026-05-26,関東,取引中止,平屋,0
2026-05-26,関東,取引中止,建物,0
2026-05-26,関東,取引中止,農地,0
2026-05-26,関東,受付停止,,27
2026-05-26,関東,受付停止,アパート,0
2026-05-26,関東,受付停止,ビル,0
2026-05-26,関東,受付停止,マンション,3
2026-05-26,関東,受付停止,別荘地,0
2026-05-26,関東,受付停止,土地,20
2026-05-26,関東,受付停止,土地及び建物,4
2026-05-26,関東,受付停止,平屋,0
2026-05-26,関東,受付停止,建物,0
2026-05-26,関東,受付停止,農地,0
2026-05-26,関東,成約済,,318
2026-05-26,関東,成約済,アパート,0
2026-05-26,関東,成約済,ビル,0
2026-05-26,関東,成約済,マンション,12
2026-05-26,関東,成約済,別荘地,15
2026-05-26,関東,成約済,土地,266
2026-05-26,関東,成約済,土地及び建物,38
2026-05-26,関東,成約済,平屋,0
2026-05-26,関東,成約済,建物,2
2026-05-26,関東,成約済,農地,0
2026-05-27,,,アパート,1
2026-05-27,,,ビル,1
2026-05-27,,,マンション,98
2026-05-27,,,別荘地,89
2026-05-27,,,土地,968
2026-05-27,,,土地及び建物,756
2026-05-27,,,平屋,4
2026-05-27,,,建物,33
2026-05-27,,,農地,1
2026-05-27,,募集中,,197
2026-05-27,,募集中,アパート,0
2026-05-27,,募集中,ビル,0
2026-05-27,,募集中,マンション,7
2026-05-27,,募集中,別荘地,7
2026-05-27,,募集中,土地,132
2026-05-27,,募集中,土地及び建物,54
2026-05-27,,募集中,平屋,0
2026-05-27,,募集中,建物,4
2026-05-27,,募集中,農地,1
2026-05-27,,取引中止,,93
2026-05-27,,取引中止,アパート,1
2026-05-27,,取引中止,ビル,0
2026-05-27,,取引中止,マンション,3
2026-05-27,,取引中止,別荘地,5
2026-05-27,,取引中止,土地,33
2026-05-27,,取引中止,土地及び建物,52
2026-05-27,,取引中止,平屋,0
2026-05-27,,取引中止,建物,5
2026-05-27,,取引中止,農地,0
2026-05-27,,受付停止,,132
2026-05-27,,受付停止,アパート,0
2026-05-27,,受付停止,ビル,0
2026-05-27,,受付停止,マンション,11
2026-05-27,,受付停止,別荘地,0
2026-05-27,,受付停止,土地,65
2026-05-27,,受付停止,土地及び建物,55
2026-05-27,,受付停止,平屋,0
2026-05-27,,受付停止,建物,1
2026-05-27,,受付停止,農地,0
2026-05-27,,成約済,,1434
2026-05-27,,成約済,アパート,0
2026-05-27,,成約済,ビル,1
2026-05-27,,成約済,マンション,77
2026-05-27,,成約済,別荘地,76
2026-05-27,,成約済,土地,738
2026-05-27,,成約済,土地及び建物,596
2026-05-27,,成約済,平屋,4
2026-05-27,,成約済,建物,23
2026-05-27,,成約済,農地,0
2026-05-27,中国,,,166
2026-05-27,中国,,アパート,0
2026-05-27,中国,,ビル,0
2026-05-27,中国,,マンション,0
2026-05-27,中国,,別荘地,1
2026-05-27,中国,,土地,58
2026-05-27,中国,,土地及び建物,104
2026-05-27,中国,,平屋,2
2026-05-27,中国,,建物,4
2026-05-27,中国,,農地,1
2026-05-27,中国,募集中,,26
2026-05-27,中国,募集中,アパート,0
2026-05-27,中国,募集中,ビル,0
2026-05-27,中国,募集中,マンション,0
2026-05-27,中国,募集中,別荘地,0
2026-05-27,中国,募集中,土地,14
2026-05-27,中国,募集中,土地及び建物,12
2026-05-27,中国,募集中,平屋,0
2026-05-27,中国,募集中,建物,0
2026-05-27,中国,募集中,農地,1
2026-05-27,中国,取引中止,,6
2026-05-27,中国,取引中止,アパート,0
2026-05-27,中国,取引中止,ビル,0
2026-05-27,中国,取引中止,マンション,0
2026-05-27,中国,取引中止,別荘地,0
2026-05-27,中国,取引中止,土地,2
2026-05-27,中国,取引中止,土地及び建物,3
2026-05-27,中国,取引中止,平屋,0
2026-05-27,中国,取引中止,建物,1
2026-05-27,中国,取引中止,農地,0
2026-05-27,中国,受付停止,,13
2026-05-27,中国,受付停止,アパート,0
2026-05-27,中国,受付停止,ビル,0
2026-05-27,中国,受付停止,マンション,0
2026-05-27,中国,受付停止,別荘地,0
2026-05-27,中国,受付停止,土地,5
2026-05-27,中国,受付停止,土地及び建物,8
2026-05-27,中国,受付停止,平屋,0
2026-05-27,中国,受付停止,建物,0
2026-05-27,中国,受付停止,農地,0
2026-05-27,中国,成約済,,121
2026-05-27,中国,成約済,アパート,0
2026-05-27,中国,成約済,ビル,0
2026-05-27,中国,成約済,マンション,0
2026-05-27,中国,成約済,別荘地,1
2026-05-27,中国,成約済,土地,37
2026-05-27,中国,成約済,土地及び建物,81
2026-05-27,中国,成約済,平屋,2
2026-05-27,中国,成約済,建物,3
2026-05-27,中国,成約済,農地,0
2026-05-27,九州・沖縄,,,132
2026-05-27,九州・沖縄,,アパート,0
2026-05-27,九州・沖縄,,ビル,0
2026-05-27,九州・沖縄,,マンション,0
2026-05-27,九州・沖縄,,別荘地,0
2026-05-27,九州・沖縄,,土地,66
2026-05-27,九州・沖縄,,土地及び建物,65
2026-05-27,九州・沖縄,,平屋,1
2026-05-27,九州・沖縄,,建物,1
2026-05-27,九州・沖縄,,農地,0
2026-05-27,九州・沖縄,募集中,,16
2026-05-27,九州・沖縄,募集中,アパート,0
2026-05-27,九州・沖縄,募集中,ビル,0
2026-05-27,九州・沖縄,募集中,マンション,0
2026-05-27,九州・沖縄,募集中,別荘地,0
2026-05-27,九州・沖縄,募集中,土地,9
2026-05-27,九州・沖縄,募集中,土地及び建物,7
2026-05-27,九州・沖縄,募集中,平屋,0
2026-05-27,九州・沖縄,募集中,建物,0
2026-05-27,九州・沖縄,募集中,農地,0
2026-05-27,九州・沖縄,取引中止,,5
2026-05-27,九州・沖縄,取引中止,アパート,0
2026-05-27,九州・沖縄,取引中止,ビル,0
2026-05-27,九州・沖縄,取引中止,マンション,0
2026-05-27,九州・沖縄,取引中止,別荘地,0
2026-05-27,九州・沖縄,取引中止,土地,1
2026-05-27,九州・沖縄,取引中止,土地及び建物,4
2026-05-27,九州・沖縄,取引中止,平屋,0
2026-05-27,九州・沖縄,取引中止,建物,0
2026-05-27,九州・沖縄,取引中止,農地,0
2026-05-27,九州・沖縄,受付停止,,13
2026-05-27,九州・沖縄,受付停止,アパート,0
2026-05-27,九州・沖縄,受付停止,ビル,0
2026-05-27,九州・沖縄,受付停止,マンション,0
2026-05-27,九州・沖縄,受付停止,別荘地,0
2026-05-27,九州・沖縄,受付停止,土地,8
2026-05-27,九州・沖縄,受付停止,土地及び建物,5
2026-05-27,九州・沖縄,受付停止,平屋,0
2026-05-27,九州・沖縄,受付停止,建物,0
2026-05-27,九州・沖縄,受付停止,農地,0
2026-05-27,九州・沖縄,成約済,,98
2026-05-27,九州・沖縄,成約済,アパート,0
2026-05-27,九州・沖縄,成約済,ビル,0
2026-05-27,九州・沖縄,成約済,マンション,0
2026-05-27,九州・沖縄,成約済,別荘地,0
2026-05-27,九州・沖縄,成約済,土地,48
2026-05-27,九州・沖縄,成約済,土地及び建物,49
2026-05-27,九州・沖縄,成約済,平屋,1
2026-05-27,九州・沖縄,成約済,建物,1
2026-05-27,九州・沖縄,成約済,農地,0
2026-05-27,北海道,,,316
2026-05-27,北海道,,アパート,1
2026-05-27,北海道,,ビル,1
2026-05-27,北海道,,マンション,3
2026-05-27,北海道,,別荘地,0
2026-05-27,北海道,,土地,83
2026-05-27,北海道,,土地及び建物,214
2026-05-27,北海道,,平屋,0
2026-05-27,北海道,,建物,16
2026-05-27,北海道,,農地,0
2026-05-27,北海道,募集中,,13
2026-05-27,北海道,募集中,アパート,0
2026-05-27,北海道,募集中,ビル,0
2026-05-27,北海道,募集中,マンション,0
2026-05-27,北海道,募集中,別荘地,0
2026-05-27,北海道,募集中,土地,3
2026-05-27,北海道,募集中,土地及び建物,6
2026-05-27,北海道,募集中,平屋,0
2026-05-27,北海道,募集中,建物,4
2026-05-27,北海道,募集中,農地,0
2026-05-27,北海道,取引中止,,20
2026-05-27,北海道,取引中止,アパート,1
2026-05-27,北海道,取引中止,ビル,0
2026-05-27,北海道,取引中止,マンション,0
2026-05-27,北海道,取引中止,別荘地,0
2026-05-27,北海道,取引中止,土地,2
2026-05-27,北海道,取引中止,土地及び建物,14
2026-05-27,北海道,取引中止,平屋,0
2026-05-27,北海道,取引中止,建物,4
2026-05-27,北海道,取引中止,農地,0
2026-05-27,北海道,受付停止,,16
2026-05-27,北海道,受付停止,アパート,0
2026-05-27,北海道,受付停止,ビル,0
2026-05-27,北海道,受付停止,マンション,0
2026-05-27,北海道,受付停止,別荘地,0
2026-05-27,北海道,受付停止,土地,3
2026-05-27,北海道,受付停止,土地及び建物,13
2026-05-27,北海道,受付停止,平屋,0
2026-05-27,北海道,受付停止,建物,0
2026-05-27,北海道,受付停止,農地,0
2026-05-27,北海道,成約済,,269
2026-05-27,北海道,成約済,アパート,0
2026-05-27,北海道,成約済,ビル,1
2026-05-27,北海道,成約済,マンション,3
2026-05-27,北海道,成約済,別荘地,0
2026-05-27,北海道,成約済,土地,76
2026-05-27,北海道,成約済,土地及び建物,182
2026-05-27,北海道,成約済,平屋,0
2026-05-27,北海道,成約済,建物,8
2026-05-27,北海道,成約済,農地,0
2026-05-27,北陸,,,43
2026-05-27,北陸,,アパート,0
2026-05-27,北陸,,ビル,0
2026-05-27,北陸,,マンション,2
2026-05-27,北陸,,別荘地,0
2026-05-27,北陸,,土地,18
2026-05-27,北陸,,土地及び建物,23
2026-05-27,北陸,,平屋,0
2026-05-27,北陸,,建物,0
2026-05-27,北陸,,農地,0
2026-05-27,北陸,募集中,,4
2026-05-27,北陸,募集中,アパート,0
2026-05-27,北陸,募集中,ビル,0
2026-05-27,北陸,募集中,マンション,0
2026-05-27,北陸,募集中,別荘地,0
2026-05-27,北陸,募集中,土地,4
2026-05-27,北陸,募集中,土地及び建物,0
2026-05-27,北陸,募集中,平屋,0
2026-05-27,北陸,募集中,建物,0
2026-05-27,北陸,募集中,農地,0
2026-05-27,北陸,取引中止,,1
2026-05-27,北陸,取引中止,アパート,0
2026-05-27,北陸,取引中止,ビル,0
2026-05-27,北陸,取引中止,マンション,0
2026-05-27,北陸,取引中止,別荘地,0
2026-05-27,北陸,取引中止,土地,0
2026-05-27,北陸,取引中止,土地及び建物,1
2026-05-27,北陸,取引中止,平屋,0
2026-05-27,北陸,取引中止,建物,0
2026-05-27,北陸,取引中止,農地,0
2026-05-27,北陸,受付停止,,5
2026-05-27,北陸,受付停止,アパート,0
2026-05-27,北陸,受付停止,ビル,0
2026-05-27,北陸,受付停止,マンション,0
2026-05-27,北陸,受付停止,別荘地,0
2026-05-27,北陸,受付停止,土地,1
2026-05-27,北陸,受付停止,土地及び建物,4
2026-05-27,北陸,受付停止,平屋,0
2026-05-27,北陸,受付停止,建物,0
2026-05-27,北陸,受付停止,農地,0
2026-05-27,北陸,成約済,,33
2026-05-27,北陸,成約済,アパート,0
2026-05-27,北陸,成約済,ビル,0
2026-05-27,北陸,成約済,マンション,2
2026-05-27,北陸,成約済,別荘地,0
2026-05-27,北陸,成約済,土地,13
2026-05-27,北陸,成約済,土地及び建物,18
2026-05-27,北陸,成約済,平屋,0
2026-05-27,北陸,成約済,建物,0
2026-05-27,北陸,成約済,農地,0
2026-05-27,四国,,,86
2026-05-27,四国,,アパート,0
2026-05-27,四国,,ビル,0
2026-05-27,四国,,マンション,21
2026-05-27,四国,,別荘地,0
2026-05-27,四国,,土地,20
2026-05-27,四国,,土地及び建物,44
2026-05-27,四国,,平屋,1
2026-05-27,四国,,建物,1
2026-05-27,四国,,農地,0
2026-05-27,四国,募集中,,9
2026-05-27,四国,募集中,アパート,0
2026-05-27,四国,募集中,ビル,0
2026-05-27,四国,募集中,マンション,3
2026-05-27,四国,募集中,別荘地,0
2026-05-27,四国,募集中,土地,4
2026-05-27,四国,募集中,土地及び建物,2
2026-05-27,四国,募集中,平屋,0
2026-05-27,四国,募集中,建物,0
2026-05-27,四国,募集中,農地,0
2026-05-27,四国,取引中止,,1
2026-05-27,四国,取引中止,アパート,0
2026-05-27,四国,取引中止,ビル,0
2026-05-27,四国,取引中止,マンション,0
2026-05-27,四国,取引中止,別荘地,0
2026-05-27,四国,取引中止,土地,1
2026-05-27,四国,取引中止,土地及び建物,0
2026-05-27,四国,取引中止,平屋,0
2026-05-27,四国,取引中止,建物,0
2026-05-27,四国,取引中止,農地,0
2026-05-27,四国,受付停止,,4
2026-05-27,四国,受付停止,アパート,0
2026-05-27,四国,受付停止,ビル,0
2026-05-27,四国,受付停止,マンション,2
2026-05-27,四国,受付停止,別荘地,0
2026-05-27,四国,受付停止,土地,1
2026-05-27,四国,受付停止,土地及び建物,1
2026-05-27,四国,受付停止,平屋,0
2026-05-27,四国,受付停止,建物,0
2026-05-27,四国,受付停止,農地,0
2026-05-27,四国,成約済,,72
2026-05-27,四国,成約済,アパート,0
2026-05-27,四国,成約済,ビル,0
2026-05-27,四国,成約済,マンション,16
2026-05-27,四国,成約済,別荘地,0
2026-05-27,四国,成約済,土地,14
2026-05-27,四国,成約済,土地及び建物,41
2026-05-27,四国,成約済,平屋,1
2026-05-27,四国,成約済,建物,1
2026-05-27,四国,成約済,農地,0
2026-05-27,東北,,,138
2026-05-27,東北,,アパート,0
2026-05-27,東北,,ビル,0
2026-05-27,東北,,マンション,0
2026-05-27,東北,,別荘地,0
2026-05-27,東北,,土地,48
2026-05-27,東北,,土地及び建物,89
2026-05-27,東北,,平屋,0
2026-05-27,東北,,建物,1
2026-05-27,東北,,農地,0
2026-05-27,東北,募集中,,22
2026-05-27,東北,募集中,アパート,0
2026-05-27,東北,募集中,ビル,0
2026-05-27,東北,募集中,マンション,0
2026-05-27,東北,募集中,別荘地,0
2026-05-27,東北,募集中,土地,11
2026-05-27,東北,募集中,土地及び建物,11
2026-05-27,東北,募集中,平屋,0
2026-05-27,東北,募集中,建物,0
2026-05-27,東北,募集中,農地,0
2026-05-27,東北,取引中止,,10
2026-05-27,東北,取引中止,アパート,0
2026-05-27,東北,取引中止,ビル,0
2026-05-27,東北,取引中止,マンション,0
2026-05-27,東北,取引中止,別荘地,0
2026-05-27,東北,取引中止,土地,2
2026-05-27,東北,取引中止,土地及び建物,8
2026-05-27,東北,取引中止,平屋,0
2026-05-27,東北,取引中止,建物,0
2026-05-27,東北,取引中止,農地,0
2026-05-27,東北,受付停止,,11
2026-05-27,東北,受付停止,アパート,0
2026-05-27,東北,受付停止,ビル,0
2026-05-27,東北,受付停止,マンション,0
2026-05-27,東北,受付停止,別荘地,0
2026-05-27,東北,受付停止,土地,4
2026-05-27,東北,受付停止,土地及び建物,7
2026-05-27,東北,受付停止,平屋,0
2026-05-27,東北,受付停止,建物,0
2026-05-27,東北,受付停止,農地,0
2026-05-27,東北,成約済,,95
2026-05-27,東北,成約済,アパート,0
2026-05-27,東北,成約済,ビル,0
2026-05-27,東北,成約済,マンション,0
2026-05-27,東北,成約済,別荘地,0
2026-05-27,東北,成約済,土地,31
2026-05-27,東北,成約済,土地及び建物,63
2026-05-27,東北,成約済,平屋,0
2026-05-27,東北,成約済,建物,1
2026-05-27,東北,成約済,農地,0
2026-05-27,東海,,,244
2026-05-27,東海,,アパート,0
2026-05-27,東海,,ビル,0
2026-05-27,東海,,マンション,7
2026-05-27,東海,,別荘地,45
2026-05-27,東海,,土地,177
2026-05-27,東海,,土地及び建物,57
2026-05-27,東海,,平屋,0
2026-05-27,東海,,建物,3
2026-05-27,東海,,農地,0
2026-05-27,東海,募集中,,33
2026-05-27,東海,募集中,アパート,0
2026-05-27,東海,募集中,ビル,0
2026-05-27,東海,募集中,マンション,2
2026-05-27,東海,募集中,別荘地,5
2026-05-27,東海,募集中,土地,27
2026-05-27,東海,募集中,土地及び建物,4
2026-05-27,東海,募集中,平屋,0
2026-05-27,東海,募集中,建物,0
2026-05-27,東海,募集中,農地,0
2026-05-27,東海,取引中止,,12
2026-05-27,東海,取引中止,アパート,0
2026-05-27,東海,取引中止,ビル,0
2026-05-27,東海,取引中止,マンション,1
2026-05-27,東海,取引中止,別荘地,2
2026-05-27,東海,取引中止,土地,6
2026-05-27,東海,取引中止,土地及び建物,5
2026-05-27,東海,取引中止,平屋,0
2026-05-27,東海,取引中止,建物,0
2026-05-27,東海,取引中止,農地,0
2026-05-27,東海,受付停止,,11
2026-05-27,東海,受付停止,アパート,0
2026-05-27,東海,受付停止,ビル,0
2026-05-27,東海,受付停止,マンション,1
2026-05-27,東海,受付停止,別荘地,0
2026-05-27,東海,受付停止,土地,7
2026-05-27,東海,受付停止,土地及び建物,3
2026-05-27,東海,受付停止,平屋,0
2026-05-27,東海,受付停止,建物,0
2026-05-27,東海,受付停止,農地,0
2026-05-27,東海,成約済,,187
2026-05-27,東海,成約済,アパート,0
2026-05-27,東海,成約済,ビル,0
2026-05-27,東海,成約済,マンション,3
2026-05-27,東海,成約済,別荘地,37
2026-05-27,東海,成約済,土地,136
2026-05-27,東海,成約済,土地及び建物,45
2026-05-27,東海,成約済,平屋,0
2026-05-27,東海,成約済,建物,3
2026-05-27,東海,成約済,農地,0
2026-05-27,甲信越,,,219
2026-05-27,甲信越,,アパート,0
2026-05-27,甲信越,,ビル,0
2026-05-27,甲信越,,マンション,43
2026-05-27,甲信越,,別荘地,22
2026-05-27,甲信越,,土地,101
2026-05-27,甲信越,,土地及び建物,72
2026-05-27,甲信越,,平屋,0
2026-05-27,甲信越,,建物,3
2026-05-27,甲信越,,農地,0
2026-05-27,甲信越,募集中,,19
2026-05-27,甲信越,募集中,アパート,0
2026-05-27,甲信越,募集中,ビル,0
2026-05-27,甲信越,募集中,マンション,1
2026-05-27,甲信越,募集中,別荘地,1
2026-05-27,甲信越,募集中,土地,12
2026-05-27,甲信越,募集中,土地及び建物,6
2026-05-27,甲信越,募集中,平屋,0
2026-05-27,甲信越,募集中,建物,0
2026-05-27,甲信越,募集中,農地,0
2026-05-27,甲信越,取引中止,,13
2026-05-27,甲信越,取引中止,アパート,0
2026-05-27,甲信越,取引中止,ビル,0
2026-05-27,甲信越,取引中止,マンション,1
2026-05-27,甲信越,取引中止,別荘地,0
2026-05-27,甲信越,取引中止,土地,4
2026-05-27,甲信越,取引中止,土地及び建物,8
2026-05-27,甲信越,取引中止,平屋,0
2026-05-27,甲信越,取引中止,建物,0
2026-05-27,甲信越,取引中止,農地,0
2026-05-27,甲信越,受付停止,,23
2026-05-27,甲信越,受付停止,アパート,0
2026-05-27,甲信越,受付停止,ビル,0
2026-05-27,甲信越,受付停止,マンション,5
2026-05-27,甲信越,受付停止,別荘地,0
2026-05-27,甲信越,受付停止,土地,12
2026-05-27,甲信越,受付停止,土地及び建物,6
2026-05-27,甲信越,受付停止,平屋,0
2026-05-27,甲信越,受付停止,建物,0
2026-05-27,甲信越,受付停止,農地,0
2026-05-27,甲信越,成約済,,164
2026-05-27,甲信越,成約済,アパート,0
2026-05-27,甲信越,成約済,ビル,0
2026-05-27,甲信越,成約済,マンション,36
2026-05-27,甲信越,成約済,別荘地,21
2026-05-27,甲信越,成約済,土地,73
2026-05-27,甲信越,成約済,土地及び建物,52
2026-05-27,甲信越,成約済,平屋,0
2026-05-27,甲信越,成約済,建物,3
2026-05-27,甲信越,成約済,農地,0
2026-05-27,近畿,,,109
2026-05-27,近畿,,アパート,0
2026-05-27,近畿,,ビル,0
2026-05-27,近畿,,マンション,5
2026-05-27,近畿,,別荘地,3
2026-05-27,近畿,,土地,60
2026-05-27,近畿,,土地及び建物,42
2026-05-27,近畿,,平屋,0
2026-05-27,近畿,,建物,2
2026-05-27,近畿,,農地,0
2026-05-27,近畿,募集中,,13
2026-05-27,近畿,募集中,アパート,0
2026-05-27,近畿,募集中,ビル,0
2026-05-27,近畿,募集中,マンション,0
2026-05-27,近畿,募集中,別荘地,1
2026-05-27,近畿,募集中,土地,9
2026-05-27,近畿,募集中,土地及び建物,4
2026-05-27,近畿,募集中,平屋,0
2026-05-27,近畿,募集中,建物,0
2026-05-27,近畿,募集中,農地,0
2026-05-27,近畿,取引中止,,11
2026-05-27,近畿,取引中止,アパート,0
2026-05-27,近畿,取引中止,ビル,0
2026-05-27,近畿,取引中止,マンション,0
2026-05-27,近畿,取引中止,別荘地,0
2026-05-27,近畿,取引中止,土地,3
2026-05-27,近畿,取引中止,土地及び建物,8
2026-05-27,近畿,取引中止,平屋,0
2026-05-27,近畿,取引中止,建物,0
2026-05-27,近畿,取引中止,農地,0
2026-05-27,近畿,受付停止,,9
2026-05-27,近畿,受付停止,アパート,0
2026-05-27,近畿,受付停止,ビル,0
2026-05-27,近畿,受付停止,マンション,0
2026-05-27,近畿,受付停止,別荘地,0
2026-05-27,近畿,受付停止,土地,4
2026-05-27,近畿,受付停止,土地及び建物,4
2026-05-27,近畿,受付停止,平屋,0
2026-05-27,近畿,受付停止,建物,1
2026-05-27,近畿,受付停止,農地,0
2026-05-27,近畿,成約済,,76
2026-05-27,近畿,成約済,アパート,0
2026-05-27,近畿,成約済,ビル,0
2026-05-27,近畿,成約済,マンション,5
2026-05-27,近畿,成約済,別荘地,2
2026-05-27,近畿,成約済,土地,44
2026-05-27,近畿,成約済,土地及び建物,26
2026-05-27,近畿,成約済,平屋,0
2026-05-27,近畿,成約済,建物,1
2026-05-27,近畿,成約済,農地,0
2026-05-27,関東,,,401
2026-05-27,関東,,アパート,0
2026-05-27,関東,,ビル,0
2026-05-27,関東,,マンション,17
2026-05-27,関東,,別荘地,18
2026-05-27,関東,,土地,337
2026-05-27,関東,,土地及び建物,45
2026-05-27,関東,,平屋,0
2026-05-27,関東,,建物,2
2026-05-27,関東,,農地,0
2026-05-27,関東,募集中,,42
2026-05-27,関東,募集中,アパート,0
2026-05-27,関東,募集中,ビル,0
2026-05-27,関東,募集中,マンション,1
2026-05-27,関東,募集中,別荘地,0
2026-05-27,関東,募集中,土地,39
2026-05-27,関東,募集中,土地及び建物,2
2026-05-27,関東,募集中,平屋,0
2026-05-27,関東,募集中,建物,0
2026-05-27,関東,募集中,農地,0
2026-05-27,関東,取引中止,,14
2026-05-27,関東,取引中止,アパート,0
2026-05-27,関東,取引中止,ビル,0
2026-05-27,関東,取引中止,マンション,1
2026-05-27,関東,取引中止,別荘地,3
2026-05-27,関東,取引中止,土地,12
2026-05-27,関東,取引中止,土地及び建物,1
2026-05-27,関東,取引中止,平屋,0
2026-05-27,関東,取引中止,建物,0
2026-05-27,関東,取引中止,農地,0
2026-05-27,関東,受付停止,,27
2026-05-27,関東,受付停止,アパート,0
2026-05-27,関東,受付停止,ビル,0
2026-05-27,関東,受付停止,マンション,3
2026-05-27,関東,受付停止,別荘地,0
2026-05-27,関東,受付停止,土地,20
2026-05-27,関東,受付停止,土地及び建物,4
2026-05-27,関東,受付停止,平屋,0
2026-05-27,関東,受付停止,建物,0
2026-05-27,関東,受付停止,農地,0
2026-05-27,関東,成約済,,318
2026-05-27,関東,成約済,アパート,0
2026-05-27,関東,成約済,ビル,0
2026-05-27,関東,成約済,マンション,12
2026-05-27,関東,成約済,別荘地,15
2026-05-27,関東,成約済,土地,266
2026-05-27,関東,成約済,土地及び建物,38
2026-05-27,関東,成約済,平屋,0
2026-05-27,関東,成約済,建物,2
2026-05-27,関東,成約済,農地,0
2026-05-28,,,アパート,1
2026-05-28,,,ビル,1
2026-05-28,,,マンション,98
2026-05-28,,,別荘地,89
2026-05-28,,,土地,969
2026-05-28,,,土地及び建物,756
2026-05-28,,,平屋,4
2026-05-28,,,建物,33
2026-05-28,,,農地,1
2026-05-28,,募集中,,197
2026-05-28,,募集中,アパート,0
2026-05-28,,募集中,ビル,0
2026-05-28,,募集中,マンション,7
2026-05-28,,募集中,別荘地,7
2026-05-28,,募集中,土地,132
2026-05-28,,募集中,土地及び建物,54
2026-05-28,,募集中,平屋,0
2026-05-28,,募集中,建物,4
2026-05-28,,募集中,農地,1
2026-05-28,,取引中止,,93
2026-05-28,,取引中止,アパート,1
2026-05-28,,取引中止,ビル,0
2026-05-28,,取引中止,マンション,3
2026-05-28,,取引中止,別荘地,5
2026-05-28,,取引中止,土地,33
2026-05-28,,取引中止,土地及び建物,52
2026-05-28,,取引中止,平屋,0
2026-05-28,,取引中止,建物,5
2026-05-28,,取引中止,農地,0
2026-05-28,,受付停止,,131
2026-05-28,,受付停止,アパート,0
2026-05-28,,受付停止,ビル,0
2026-05-28,,受付停止,マンション,11
2026-05-28,,受付停止,別荘地,0
2026-05-28,,受付停止,土地,64
2026-05-28,,受付停止,土地及び建物,55
2026-05-28,,受付停止,平屋,0
2026-05-28,,受付停止,建物,1
2026-05-28,,受付停止,農地,0
2026-05-28,,成約済,,1436
2026-05-28,,成約済,アパート,0
2026-05-28,,成約済,ビル,1
2026-05-28,,成約済,マンション,77
2026-05-28,,成約済,別荘地,76
2026-05-28,,成約済,土地,740
2026-05-28,,成約済,土地及び建物,596
2026-05-28,,成約済,平屋,4
2026-05-28,,成約済,建物,23
2026-05-28,,成約済,農地,0
2026-05-28,中国,,,166
2026-05-28,中国,,アパート,0
2026-05-28,中国,,ビル,0
2026-05-28,中国,,マンション,0
2026-05-28,中国,,別荘地,1
2026-05-28,中国,,土地,58
2026-05-28,中国,,土地及び建物,104
2026-05-28,中国,,平屋,2
2026-05-28,中国,,建物,4
2026-05-28,中国,,農地,1
2026-05-28,中国,募集中,,26
2026-05-28,中国,募集中,アパート,0
2026-05-28,中国,募集中,ビル,0
2026-05-28,中国,募集中,マンション,0
2026-05-28,中国,募集中,別荘地,0
2026-05-28,中国,募集中,土地,14
2026-05-28,中国,募集中,土地及び建物,12
2026-05-28,中国,募集中,平屋,0
2026-05-28,中国,募集中,建物,0
2026-05-28,中国,募集中,農地,1
2026-05-28,中国,取引中止,,6
2026-05-28,中国,取引中止,アパート,0
2026-05-28,中国,取引中止,ビル,0
2026-05-28,中国,取引中止,マンション,0
2026-05-28,中国,取引中止,別荘地,0
2026-05-28,中国,取引中止,土地,2
2026-05-28,中国,取引中止,土地及び建物,3
2026-05-28,中国,取引中止,平屋,0
2026-05-28,中国,取引中止,建物,1
2026-05-28,中国,取引中止,農地,0
2026-05-28,中国,受付停止,,13
2026-05-28,中国,受付停止,アパート,0
2026-05-28,中国,受付停止,ビル,0
2026-05-28,中国,受付停止,マンション,0
2026-05-28,中国,受付停止,別荘地,0
2026-05-28,中国,受付停止,土地,5
2026-05-28,中国,受付停止,土地及び建物,8
2026-05-28,中国,受付停止,平屋,0
2026-05-28,中国,受付停止,建物,0
2026-05-28,中国,受付停止,農地,0
2026-05-28,中国,成約済,,121
2026-05-28,中国,成約済,アパート,0
2026-05-28,中国,成約済,ビル,0
2026-05-28,中国,成約済,マンション,0
2026-05-28,中国,成約済,別荘地,1
2026-05-28,中国,成約済,土地,37
2026-05-28,中国,成約済,土地及び建物,81
2026-05-28,中国,成約済,平屋,2
2026-05-28,中国,成約済,建物,3
2026-05-28,中国,成約済,農地,0
2026-05-28,九州・沖縄,,,132
2026-05-28,九州・沖縄,,アパート,0
2026-05-28,九州・沖縄,,ビル,0
2026-05-28,九州・沖縄,,マンション,0
2026-05-28,九州・沖縄,,別荘地,0
2026-05-28,九州・沖縄,,土地,66
2026-05-28,九州・沖縄,,土地及び建物,65
2026-05-28,九州・沖縄,,平屋,1
2026-05-28,九州・沖縄,,建物,1
2026-05-28,九州・沖縄,,農地,0
2026-05-28,九州・沖縄,募集中,,16
2026-05-28,九州・沖縄,募集中,アパート,0
2026-05-28,九州・沖縄,募集中,ビル,0
2026-05-28,九州・沖縄,募集中,マンション,0
2026-05-28,九州・沖縄,募集中,別荘地,0
2026-05-28,九州・沖縄,募集中,土地,9
2026-05-28,九州・沖縄,募集中,土地及び建物,7
2026-05-28,九州・沖縄,募集中,平屋,0
2026-05-28,九州・沖縄,募集中,建物,0
2026-05-28,九州・沖縄,募集中,農地,0
2026-05-28,九州・沖縄,取引中止,,5
2026-05-28,九州・沖縄,取引中止,アパート,0
2026-05-28,九州・沖縄,取引中止,ビル,0
2026-05-28,九州・沖縄,取引中止,マンション,0
2026-05-28,九州・沖縄,取引中止,別荘地,0
2026-05-28,九州・沖縄,取引中止,土地,1
2026-05-28,九州・沖縄,取引中止,土地及び建物,4
2026-05-28,九州・沖縄,取引中止,平屋,0
2026-05-28,九州・沖縄,取引中止,建物,0
2026-05-28,九州・沖縄,取引中止,農地,0
2026-05-28,九州・沖縄,受付停止,,13
2026-05-28,九州・沖縄,受付停止,アパート,0
2026-05-28,九州・沖縄,受付停止,ビル,0
2026-05-28,九州・沖縄,受付停止,マンション,0
2026-05-28,九州・沖縄,受付停止,別荘地,0
2026-05-28,九州・沖縄,受付停止,土地,8
2026-05-28,九州・沖縄,受付停止,土地及び建物,5
2026-05-28,九州・沖縄,受付停止,平屋,0
2026-05-28,九州・沖縄,受付停止,建物,0
2026-05-28,九州・沖縄,受付停止,農地,0
2026-05-28,九州・沖縄,成約済,,98
2026-05-28,九州・沖縄,成約済,アパート,0
2026-05-28,九州・沖縄,成約済,ビル,0
2026-05-28,九州・沖縄,成約済,マンション,0
2026-05-28,九州・沖縄,成約済,別荘地,0
2026-05-28,九州・沖縄,成約済,土地,48
2026-05-28,九州・沖縄,成約済,土地及び建物,49
2026-05-28,九州・沖縄,成約済,平屋,1
2026-05-28,九州・沖縄,成約済,建物,1
2026-05-28,九州・沖縄,成約済,農地,0
2026-05-28,北海道,,,317
2026-05-28,北海道,,アパート,1
2026-05-28,北海道,,ビル,1
2026-05-28,北海道,,マンション,3
2026-05-28,北海道,,別荘地,0
2026-05-28,北海道,,土地,84
2026-05-28,北海道,,土地及び建物,214
2026-05-28,北海道,,平屋,0
2026-05-28,北海道,,建物,16
2026-05-28,北海道,,農地,0
2026-05-28,北海道,募集中,,14
2026-05-28,北海道,募集中,アパート,0
2026-05-28,北海道,募集中,ビル,0
2026-05-28,北海道,募集中,マンション,0
2026-05-28,北海道,募集中,別荘地,0
2026-05-28,北海道,募集中,土地,4
2026-05-28,北海道,募集中,土地及び建物,6
2026-05-28,北海道,募集中,平屋,0
2026-05-28,北海道,募集中,建物,4
2026-05-28,北海道,募集中,農地,0
2026-05-28,北海道,取引中止,,20
2026-05-28,北海道,取引中止,アパート,1
2026-05-28,北海道,取引中止,ビル,0
2026-05-28,北海道,取引中止,マンション,0
2026-05-28,北海道,取引中止,別荘地,0
2026-05-28,北海道,取引中止,土地,2
2026-05-28,北海道,取引中止,土地及び建物,14
2026-05-28,北海道,取引中止,平屋,0
2026-05-28,北海道,取引中止,建物,4
2026-05-28,北海道,取引中止,農地,0
2026-05-28,北海道,受付停止,,16
2026-05-28,北海道,受付停止,アパート,0
2026-05-28,北海道,受付停止,ビル,0
2026-05-28,北海道,受付停止,マンション,0
2026-05-28,北海道,受付停止,別荘地,0
2026-05-28,北海道,受付停止,土地,3
2026-05-28,北海道,受付停止,土地及び建物,13
2026-05-28,北海道,受付停止,平屋,0
2026-05-28,北海道,受付停止,建物,0
2026-05-28,北海道,受付停止,農地,0
2026-05-28,北海道,成約済,,269
2026-05-28,北海道,成約済,アパート,0
2026-05-28,北海道,成約済,ビル,1
2026-05-28,北海道,成約済,マンション,3
2026-05-28,北海道,成約済,別荘地,0
2026-05-28,北海道,成約済,土地,76
2026-05-28,北海道,成約済,土地及び建物,182
2026-05-28,北海道,成約済,平屋,0
2026-05-28,北海道,成約済,建物,8
2026-05-28,北海道,成約済,農地,0
2026-05-28,北陸,,,43
2026-05-28,北陸,,アパート,0
2026-05-28,北陸,,ビル,0
2026-05-28,北陸,,マンション,2
2026-05-28,北陸,,別荘地,0
2026-05-28,北陸,,土地,18
2026-05-28,北陸,,土地及び建物,23
2026-05-28,北陸,,平屋,0
2026-05-28,北陸,,建物,0
2026-05-28,北陸,,農地,0
2026-05-28,北陸,募集中,,4
2026-05-28,北陸,募集中,アパート,0
2026-05-28,北陸,募集中,ビル,0
2026-05-28,北陸,募集中,マンション,0
2026-05-28,北陸,募集中,別荘地,0
2026-05-28,北陸,募集中,土地,4
2026-05-28,北陸,募集中,土地及び建物,0
2026-05-28,北陸,募集中,平屋,0
2026-05-28,北陸,募集中,建物,0
2026-05-28,北陸,募集中,農地,0
2026-05-28,北陸,取引中止,,1
2026-05-28,北陸,取引中止,アパート,0
2026-05-28,北陸,取引中止,ビル,0
2026-05-28,北陸,取引中止,マンション,0
2026-05-28,北陸,取引中止,別荘地,0
2026-05-28,北陸,取引中止,土地,0
2026-05-28,北陸,取引中止,土地及び建物,1
2026-05-28,北陸,取引中止,平屋,0
2026-05-28,北陸,取引中止,建物,0
2026-05-28,北陸,取引中止,農地,0
2026-05-28,北陸,受付停止,,5
2026-05-28,北陸,受付停止,アパート,0
2026-05-28,北陸,受付停止,ビル,0
2026-05-28,北陸,受付停止,マンション,0
2026-05-28,北陸,受付停止,別荘地,0
2026-05-28,北陸,受付停止,土地,1
2026-05-28,北陸,受付停止,土地及び建物,4
2026-05-28,北陸,受付停止,平屋,0
2026-05-28,北陸,受付停止,建物,0
2026-05-28,北陸,受付停止,農地,0
2026-05-28,北陸,成約済,,33
2026-05-28,北陸,成約済,アパート,0
2026-05-28,北陸,成約済,ビル,0
2026-05-28,北陸,成約済,マンション,2
2026-05-28,北陸,成約済,別荘地,0
2026-05-28,北陸,成約済,土地,13
2026-05-28,北陸,成約済,土地及び建物,18
2026-05-28,北陸,成約済,平屋,0
2026-05-28,北陸,成約済,建物,0
2026-05-28,北陸,成約済,農地,0
2026-05-28,四国,,,86
2026-05-28,四国,,アパート,0
2026-05-28,四国,,ビル,0
2026-05-28,四国,,マンション,21
2026-05-28,四国,,別荘地,0
2026-05-28,四国,,土地,20
2026-05-28,四国,,土地及び建物,44
2026-05-28,四国,,平屋,1
2026-05-28,四国,,建物,1
2026-05-28,四国,,農地,0
2026-05-28,四国,募集中,,9
2026-05-28,四国,募集中,アパート,0
2026-05-28,四国,募集中,ビル,0
2026-05-28,四国,募集中,マンション,3
2026-05-28,四国,募集中,別荘地,0
2026-05-28,四国,募集中,土地,4
2026-05-28,四国,募集中,土地及び建物,2
2026-05-28,四国,募集中,平屋,0
2026-05-28,四国,募集中,建物,0
2026-05-28,四国,募集中,農地,0
2026-05-28,四国,取引中止,,1
2026-05-28,四国,取引中止,アパート,0
2026-05-28,四国,取引中止,ビル,0
2026-05-28,四国,取引中止,マンション,0
2026-05-28,四国,取引中止,別荘地,0
2026-05-28,四国,取引中止,土地,1
2026-05-28,四国,取引中止,土地及び建物,0
2026-05-28,四国,取引中止,平屋,0
2026-05-28,四国,取引中止,建物,0
2026-05-28,四国,取引中止,農地,0
2026-05-28,四国,受付停止,,4
2026-05-28,四国,受付停止,アパート,0
2026-05-28,四国,受付停止,ビル,0
2026-05-28,四国,受付停止,マンション,2
2026-05-28,四国,受付停止,別荘地,0
2026-05-28,四国,受付停止,土地,1
2026-05-28,四国,受付停止,土地及び建物,1
2026-05-28,四国,受付停止,平屋,0
2026-05-28,四国,受付停止,建物,0
2026-05-28,四国,受付停止,農地,0
2026-05-28,四国,成約済,,72
2026-05-28,四国,成約済,アパート,0
2026-05-28,四国,成約済,ビル,0
2026-05-28,四国,成約済,マンション,16
2026-05-28,四国,成約済,別荘地,0
2026-05-28,四国,成約済,土地,14
2026-05-28,四国,成約済,土地及び建物,41
2026-05-28,四国,成約済,平屋,1
2026-05-28,四国,成約済,建物,1
2026-05-28,四国,成約済,農地,0
2026-05-28,東北,,,138
2026-05-28,東北,,アパート,0
2026-05-28,東北,,ビル,0
2026-05-28,東北,,マンション,0
2026-05-28,東北,,別荘地,0
2026-05-28,東北,,土地,48
2026-05-28,東北,,土地及び建物,89
2026-05-28,東北,,平屋,0
2026-05-28,東北,,建物,1
2026-05-28,東北,,農地,0
2026-05-28,東北,募集中,,22
2026-05-28,東北,募集中,アパート,0
2026-05-28,東北,募集中,ビル,0
2026-05-28,東北,募集中,マンション,0
2026-05-28,東北,募集中,別荘地,0
2026-05-28,東北,募集中,土地,11
2026-05-28,東北,募集中,土地及び建物,11
2026-05-28,東北,募集中,平屋,0
2026-05-28,東北,募集中,建物,0
2026-05-28,東北,募集中,農地,0
2026-05-28,東北,取引中止,,10
2026-05-28,東北,取引中止,アパート,0
2026-05-28,東北,取引中止,ビル,0
2026-05-28,東北,取引中止,マンション,0
2026-05-28,東北,取引中止,別荘地,0
2026-05-28,東北,取引中止,土地,2
2026-05-28,東北,取引中止,土地及び建物,8
2026-05-28,東北,取引中止,平屋,0
2026-05-28,東北,取引中止,建物,0
2026-05-28,東北,取引中止,農地,0
2026-05-28,東北,受付停止,,11
2026-05-28,東北,受付停止,アパート,0
2026-05-28,東北,受付停止,ビル,0
2026-05-28,東北,受付停止,マンション,0
2026-05-28,東北,受付停止,別荘地,0
2026-05-28,東北,受付停止,土地,4
2026-05-28,東北,受付停止,土地及び建物,7
2026-05-28,東北,受付停止,平屋,0
2026-05-28,東北,受付停止,建物,0
2026-05-28,東北,受付停止,農地,0
2026-05-28,東北,成約済,,95
2026-05-28,東北,成約済,アパート,0
2026-05-28,東北,成約済,ビル,0
2026-05-28,東北,成約済,マンション,0
2026-05-28,東北,成約済,別荘地,0
2026-05-28,東北,成約済,土地,31
2026-05-28,東北,成約済,土地及び建物,63
2026-05-28,東北,成約済,平屋,0
2026-05-28,東北,成約済,建物,1
2026-05-28,東北,成約済,農地,0
2026-05-28,東海,,,244
2026-05-28,東海,,アパート,0
2026-05-28,東海,,ビル,0
2026-05-28,東海,,マンション,7
2026-05-28,東海,,別荘地,45
2026-05-28,東海,,土地,177
2026-05-28,東海,,土地及び建物,57
2026-05-28,東海,,平屋,0
2026-05-28,東海,,建物,3
2026-05-28,東海,,農地,0
2026-05-28,東海,募集中,,32
2026-05-28,東海,募集中,アパート,0
2026-05-28,東海,募集中,ビル,0
2026-05-28,東海,募集中,マンション,2
2026-05-28,東海,募集中,別荘地,5
2026-05-28,東海,募集中,土地,26
2026-05-28,東海,募集中,土地及び建物,4
2026-05-28,東海,募集中,平屋,0
2026-05-28,東海,募集中,建物,0
2026-05-28,東海,募集中,農地,0
2026-05-28,東海,取引中止,,12
2026-05-28,東海,取引中止,アパート,0
2026-05-28,東海,取引中止,ビル,0
2026-05-28,東海,取引中止,マンション,1
2026-05-28,東海,取引中止,別荘地,2
2026-05-28,東海,取引中止,土地,6
2026-05-28,東海,取引中止,土地及び建物,5
2026-05-28,東海,取引中止,平屋,0
2026-05-28,東海,取引中止,建物,0
2026-05-28,東海,取引中止,農地,0
2026-05-28,東海,受付停止,,12
2026-05-28,東海,受付停止,アパート,0
2026-05-28,東海,受付停止,ビル,0
2026-05-28,東海,受付停止,マンション,1
2026-05-28,東海,受付停止,別荘地,0
2026-05-28,東海,受付停止,土地,8
2026-05-28,東海,受付停止,土地及び建物,3
2026-05-28,東海,受付停止,平屋,0
2026-05-28,東海,受付停止,建物,0
2026-05-28,東海,受付停止,農地,0
2026-05-28,東海,成約済,,187
2026-05-28,東海,成約済,アパート,0
2026-05-28,東海,成約済,ビル,0
2026-05-28,東海,成約済,マンション,3
2026-05-28,東海,成約済,別荘地,37
2026-05-28,東海,成約済,土地,136
2026-05-28,東海,成約済,土地及び建物,45
2026-05-28,東海,成約済,平屋,0
2026-05-28,東海,成約済,建物,3
2026-05-28,東海,成約済,農地,0
2026-05-28,甲信越,,,219
2026-05-28,甲信越,,アパート,0
2026-05-28,甲信越,,ビル,0
2026-05-28,甲信越,,マンション,43
2026-05-28,甲信越,,別荘地,22
2026-05-28,甲信越,,土地,101
2026-05-28,甲信越,,土地及び建物,72
2026-05-28,甲信越,,平屋,0
2026-05-28,甲信越,,建物,3
2026-05-28,甲信越,,農地,0
2026-05-28,甲信越,募集中,,19
2026-05-28,甲信越,募集中,アパート,0
2026-05-28,甲信越,募集中,ビル,0
2026-05-28,甲信越,募集中,マンション,1
2026-05-28,甲信越,募集中,別荘地,1
2026-05-28,甲信越,募集中,土地,12
2026-05-28,甲信越,募集中,土地及び建物,6
2026-05-28,甲信越,募集中,平屋,0
2026-05-28,甲信越,募集中,建物,0
2026-05-28,甲信越,募集中,農地,0
2026-05-28,甲信越,取引中止,,13
2026-05-28,甲信越,取引中止,アパート,0
2026-05-28,甲信越,取引中止,ビル,0
2026-05-28,甲信越,取引中止,マンション,1
2026-05-28,甲信越,取引中止,別荘地,0
2026-05-28,甲信越,取引中止,土地,4
2026-05-28,甲信越,取引中止,土地及び建物,8
2026-05-28,甲信越,取引中止,平屋,0
2026-05-28,甲信越,取引中止,建物,0
2026-05-28,甲信越,取引中止,農地,0
2026-05-28,甲信越,受付停止,,21
2026-05-28,甲信越,受付停止,アパート,0
2026-05-28,甲信越,受付停止,ビル,0
2026-05-28,甲信越,受付停止,マンション,5
2026-05-28,甲信越,受付停止,別荘地,0
2026-05-28,甲信越,受付停止,土地,10
2026-05-28,甲信越,受付停止,土地及び建物,6
2026-05-28,甲信越,受付停止,平屋,0
2026-05-28,甲信越,受付停止,建物,0
2026-05-28,甲信越,受付停止,農地,0
2026-05-28,甲信越,成約済,,166
2026-05-28,甲信越,成約済,アパート,0
2026-05-28,甲信越,成約済,ビル,0
2026-05-28,甲信越,成約済,マンション,36
2026-05-28,甲信越,成約済,別荘地,21
2026-05-28,甲信越,成約済,土地,75
2026-05-28,甲信越,成約済,土地及び建物,52
2026-05-28,甲信越,成約済,平屋,0
2026-05-28,甲信越,成約済,建物,3
2026-05-28,甲信越,成約済,農地,0
2026-05-28,近畿,,,109
2026-05-28,近畿,,アパート,0
2026-05-28,近畿,,ビル,0
2026-05-28,近畿,,マンション,5
2026-05-28,近畿,,別荘地,3
2026-05-28,近畿,,土地,60
2026-05-28,近畿,,土地及び建物,42
2026-05-28,近畿,,平屋,0
2026-05-28,近畿,,建物,2
2026-05-28,近畿,,農地,0
2026-05-28,近畿,募集中,,13
2026-05-28,近畿,募集中,アパート,0
2026-05-28,近畿,募集中,ビル,0
2026-05-28,近畿,募集中,マンション,0
2026-05-28,近畿,募集中,別荘地,1
2026-05-28,近畿,募集中,土地,9
2026-05-28,近畿,募集中,土地及び建物,4
2026-05-28,近畿,募集中,平屋,0
2026-05-28,近畿,募集中,建物,0
2026-05-28,近畿,募集中,農地,0
2026-05-28,近畿,取引中止,,11
2026-05-28,近畿,取引中止,アパート,0
2026-05-28,近畿,取引中止,ビル,0
2026-05-28,近畿,取引中止,マンション,0
2026-05-28,近畿,取引中止,別荘地,0
2026-05-28,近畿,取引中止,土地,3
2026-05-28,近畿,取引中止,土地及び建物,8
2026-05-28,近畿,取引中止,平屋,0
2026-05-28,近畿,取引中止,建物,0
2026-05-28,近畿,取引中止,農地,0
2026-05-28,近畿,受付停止,,9
2026-05-28,近畿,受付停止,アパート,0
2026-05-28,近畿,受付停止,ビル,0
2026-05-28,近畿,受付停止,マンション,0
2026-05-28,近畿,受付停止,別荘地,0
2026-05-28,近畿,受付停止,土地,4
2026-05-28,近畿,受付停止,土地及び建物,4
2026-05-28,近畿,受付停止,平屋,0
2026-05-28,近畿,受付停止,建物,1
2026-05-28,近畿,受付停止,農地,0
2026-05-28,近畿,成約済,,76
2026-05-28,近畿,成約済,アパート,0
2026-05-28,近畿,成約済,ビル,0
2026-05-28,近畿,成約済,マンション,5
2026-05-28,近畿,成約済,別荘地,2
2026-05-28,近畿,成約済,土地,44
2026-05-28,近畿,成約済,土地及び建物,26
2026-05-28,近畿,成約済,平屋,0
2026-05-28,近畿,成約済,建物,1
2026-05-28,近畿,成約済,農地,0
2026-05-28,関東,,,401
2026-05-28,関東,,アパート,0
2026-05-28,関東,,ビル,0
2026-05-28,関東,,マンション,17
2026-05-28,関東,,別荘地,18
2026-05-28,関東,,土地,337
2026-05-28,関東,,土地及び建物,45
2026-05-28,関東,,平屋,0
2026-05-28,関東,,建物,2
2026-05-28,関東,,農地,0
2026-05-28,関東,募集中,,42
2026-05-28,関東,募集中,アパート,0
2026-05-28,関東,募集中,ビル,0
2026-05-28,関東,募集中,マンション,1
2026-05-28,関東,募集中,別荘地,0
2026-05-28,関東,募集中,土地,39
2026-05-28,関東,募集中,土地及び建物,2
2026-05-28,関東,募集中,平屋,0
2026-05-28,関東,募集中,建物,0
2026-05-28,関東,募集中,農地,0
2026-05-28,関東,取引中止,,14
2026-05-28,関東,取引中止,アパート,0
2026-05-28,関東,取引中止,ビル,0
2026-05-28,関東,取引中止,マンション,1
2026-05-28,関東,取引中止,別荘地,3
2026-05-28,関東,取引中止,土地,12
2026-05-28,関東,取引中止,土地及び建物,1
2026-05-28,関東,取引中止,平屋,0
2026-05-28,関東,取引中止,建物,0
2026-05-28,関東,取引中止,農地,0
2026-05-28,関東,受付停止,,27
2026-05-28,関東,受付停止,アパート,0
2026-05-28,関東,受付停止,ビル,0
2026-05-28,関東,受付停止,マンション,3
2026-05-28,関東,受付停止,別荘地,0
2026-05-28,関東,受付停止,土地,20
2026-05-28,関東,受付停止,土地及び建物,4
2026-05-28,関東,受付停止,平屋,0
2026-05-28,関東,受付停止,建物,0
2026-05-28,関東,受付停止,農地,0
2026-05-28,関東,成約済,,318
2026-05-28,関東,成約済,アパート,0
2026-05-28,関東,成約済,ビル,0
2026-05-28,関東,成約済,マンション,12
2026-05-28,関東,成約済,別荘地,15
2026-05-28,関東,成約済,土地,266
2026-05-28,関東,成約済,土地及び建物,38
2026-05-28,関東,成約済,平屋,0
2026-05-28,関東,成約済,建物,2
2026-05-28,関東,成約済,農地,0
2026-05-29,,,アパート,1
2026-05-29,,,ビル,1
2026-05-29,,,マンション,98
2026-05-29,,,別荘地,89
2026-05-29,,,土地,970
2026-05-29,,,土地及び建物,757
2026-05-29,,,平屋,4
2026-05-29,,,建物,33
2026-05-29,,,農地,1
2026-05-29,,募集中,,199
2026-05-29,,募集中,アパート,0
2026-05-29,,募集中,ビル,0
2026-05-29,,募集中,マンション,7
2026-05-29,,募集中,別荘地,7
2026-05-29,,募集中,土地,133
2026-05-29,,募集中,土地及び建物,55
2026-05-29,,募集中,平屋,0
2026-05-29,,募集中,建物,4
2026-05-29,,募集中,農地,1
2026-05-29,,取引中止,,93
2026-05-29,,取引中止,アパート,1
2026-05-29,,取引中止,ビル,0
2026-05-29,,取引中止,マンション,3
2026-05-29,,取引中止,別荘地,5
2026-05-29,,取引中止,土地,33
2026-05-29,,取引中止,土地及び建物,52
2026-05-29,,取引中止,平屋,0
2026-05-29,,取引中止,建物,5
2026-05-29,,取引中止,農地,0
2026-05-29,,受付停止,,131
2026-05-29,,受付停止,アパート,0
2026-05-29,,受付停止,ビル,0
2026-05-29,,受付停止,マンション,11
2026-05-29,,受付停止,別荘地,0
2026-05-29,,受付停止,土地,64
2026-05-29,,受付停止,土地及び建物,55
2026-05-29,,受付停止,平屋,0
2026-05-29,,受付停止,建物,1
2026-05-29,,受付停止,農地,0
2026-05-29,,成約済,,1436
2026-05-29,,成約済,アパート,0
2026-05-29,,成約済,ビル,1
2026-05-29,,成約済,マンション,77
2026-05-29,,成約済,別荘地,76
2026-05-29,,成約済,土地,740
2026-05-29,,成約済,土地及び建物,596
2026-05-29,,成約済,平屋,4
2026-05-29,,成約済,建物,23
2026-05-29,,成約済,農地,0
2026-05-29,中国,,,166
2026-05-29,中国,,アパート,0
2026-05-29,中国,,ビル,0
2026-05-29,中国,,マンション,0
2026-05-29,中国,,別荘地,1
2026-05-29,中国,,土地,58
2026-05-29,中国,,土地及び建物,104
2026-05-29,中国,,平屋,2
2026-05-29,中国,,建物,4
2026-05-29,中国,,農地,1
2026-05-29,中国,募集中,,26
2026-05-29,中国,募集中,アパート,0
2026-05-29,中国,募集中,ビル,0
2026-05-29,中国,募集中,マンション,0
2026-05-29,中国,募集中,別荘地,0
2026-05-29,中国,募集中,土地,14
2026-05-29,中国,募集中,土地及び建物,12
2026-05-29,中国,募集中,平屋,0
2026-05-29,中国,募集中,建物,0
2026-05-29,中国,募集中,農地,1
2026-05-29,中国,取引中止,,6
2026-05-29,中国,取引中止,アパート,0
2026-05-29,中国,取引中止,ビル,0
2026-05-29,中国,取引中止,マンション,0
2026-05-29,中国,取引中止,別荘地,0
2026-05-29,中国,取引中止,土地,2
2026-05-29,中国,取引中止,土地及び建物,3
2026-05-29,中国,取引中止,平屋,0
2026-05-29,中国,取引中止,建物,1
2026-05-29,中国,取引中止,農地,0
2026-05-29,中国,受付停止,,13
2026-05-29,中国,受付停止,アパート,0
2026-05-29,中国,受付停止,ビル,0
2026-05-29,中国,受付停止,マンション,0
2026-05-29,中国,受付停止,別荘地,0
2026-05-29,中国,受付停止,土地,5
2026-05-29,中国,受付停止,土地及び建物,8
2026-05-29,中国,受付停止,平屋,0
2026-05-29,中国,受付停止,建物,0
2026-05-29,中国,受付停止,農地,0
2026-05-29,中国,成約済,,121
2026-05-29,中国,成約済,アパート,0
2026-05-29,中国,成約済,ビル,0
2026-05-29,中国,成約済,マンション,0
2026-05-29,中国,成約済,別荘地,1
2026-05-29,中国,成約済,土地,37
2026-05-29,中国,成約済,土地及び建物,81
2026-05-29,中国,成約済,平屋,2
2026-05-29,中国,成約済,建物,3
2026-05-29,中国,成約済,農地,0
2026-05-29,九州・沖縄,,,132
2026-05-29,九州・沖縄,,アパート,0
2026-05-29,九州・沖縄,,ビル,0
2026-05-29,九州・沖縄,,マンション,0
2026-05-29,九州・沖縄,,別荘地,0
2026-05-29,九州・沖縄,,土地,66
2026-05-29,九州・沖縄,,土地及び建物,65
2026-05-29,九州・沖縄,,平屋,1
2026-05-29,九州・沖縄,,建物,1
2026-05-29,九州・沖縄,,農地,0
2026-05-29,九州・沖縄,募集中,,16
2026-05-29,九州・沖縄,募集中,アパート,0
2026-05-29,九州・沖縄,募集中,ビル,0
2026-05-29,九州・沖縄,募集中,マンション,0
2026-05-29,九州・沖縄,募集中,別荘地,0
2026-05-29,九州・沖縄,募集中,土地,9
2026-05-29,九州・沖縄,募集中,土地及び建物,7
2026-05-29,九州・沖縄,募集中,平屋,0
2026-05-29,九州・沖縄,募集中,建物,0
2026-05-29,九州・沖縄,募集中,農地,0
2026-05-29,九州・沖縄,取引中止,,5
2026-05-29,九州・沖縄,取引中止,アパート,0
2026-05-29,九州・沖縄,取引中止,ビル,0
2026-05-29,九州・沖縄,取引中止,マンション,0
2026-05-29,九州・沖縄,取引中止,別荘地,0
2026-05-29,九州・沖縄,取引中止,土地,1
2026-05-29,九州・沖縄,取引中止,土地及び建物,4
2026-05-29,九州・沖縄,取引中止,平屋,0
2026-05-29,九州・沖縄,取引中止,建物,0
2026-05-29,九州・沖縄,取引中止,農地,0
2026-05-29,九州・沖縄,受付停止,,13
2026-05-29,九州・沖縄,受付停止,アパート,0
2026-05-29,九州・沖縄,受付停止,ビル,0
2026-05-29,九州・沖縄,受付停止,マンション,0
2026-05-29,九州・沖縄,受付停止,別荘地,0
2026-05-29,九州・沖縄,受付停止,土地,8
2026-05-29,九州・沖縄,受付停止,土地及び建物,5
2026-05-29,九州・沖縄,受付停止,平屋,0
2026-05-29,九州・沖縄,受付停止,建物,0
2026-05-29,九州・沖縄,受付停止,農地,0
2026-05-29,九州・沖縄,成約済,,98
2026-05-29,九州・沖縄,成約済,アパート,0
2026-05-29,九州・沖縄,成約済,ビル,0
2026-05-29,九州・沖縄,成約済,マンション,0
2026-05-29,九州・沖縄,成約済,別荘地,0
2026-05-29,九州・沖縄,成約済,土地,48
2026-05-29,九州・沖縄,成約済,土地及び建物,49
2026-05-29,九州・沖縄,成約済,平屋,1
2026-05-29,九州・沖縄,成約済,建物,1
2026-05-29,九州・沖縄,成約済,農地,0
2026-05-29,北海道,,,318
2026-05-29,北海道,,アパート,1
2026-05-29,北海道,,ビル,1
2026-05-29,北海道,,マンション,3
2026-05-29,北海道,,別荘地,0
2026-05-29,北海道,,土地,84
2026-05-29,北海道,,土地及び建物,215
2026-05-29,北海道,,平屋,0
2026-05-29,北海道,,建物,16
2026-05-29,北海道,,農地,0
2026-05-29,北海道,募集中,,15
2026-05-29,北海道,募集中,アパート,0
2026-05-29,北海道,募集中,ビル,0
2026-05-29,北海道,募集中,マンション,0
2026-05-29,北海道,募集中,別荘地,0
2026-05-29,北海道,募集中,土地,4
2026-05-29,北海道,募集中,土地及び建物,7
2026-05-29,北海道,募集中,平屋,0
2026-05-29,北海道,募集中,建物,4
2026-05-29,北海道,募集中,農地,0
2026-05-29,北海道,取引中止,,20
2026-05-29,北海道,取引中止,アパート,1
2026-05-29,北海道,取引中止,ビル,0
2026-05-29,北海道,取引中止,マンション,0
2026-05-29,北海道,取引中止,別荘地,0
2026-05-29,北海道,取引中止,土地,2
2026-05-29,北海道,取引中止,土地及び建物,14
2026-05-29,北海道,取引中止,平屋,0
2026-05-29,北海道,取引中止,建物,4
2026-05-29,北海道,取引中止,農地,0
2026-05-29,北海道,受付停止,,16
2026-05-29,北海道,受付停止,アパート,0
2026-05-29,北海道,受付停止,ビル,0
2026-05-29,北海道,受付停止,マンション,0
2026-05-29,北海道,受付停止,別荘地,0
2026-05-29,北海道,受付停止,土地,3
2026-05-29,北海道,受付停止,土地及び建物,13
2026-05-29,北海道,受付停止,平屋,0
2026-05-29,北海道,受付停止,建物,0
2026-05-29,北海道,受付停止,農地,0
2026-05-29,北海道,成約済,,269
2026-05-29,北海道,成約済,アパート,0
2026-05-29,北海道,成約済,ビル,1
2026-05-29,北海道,成約済,マンション,3
2026-05-29,北海道,成約済,別荘地,0
2026-05-29,北海道,成約済,土地,76
2026-05-29,北海道,成約済,土地及び建物,182
2026-05-29,北海道,成約済,平屋,0
2026-05-29,北海道,成約済,建物,8
2026-05-29,北海道,成約済,農地,0
2026-05-29,北陸,,,43
2026-05-29,北陸,,アパート,0
2026-05-29,北陸,,ビル,0
2026-05-29,北陸,,マンション,2
2026-05-29,北陸,,別荘地,0
2026-05-29,北陸,,土地,18
2026-05-29,北陸,,土地及び建物,23
2026-05-29,北陸,,平屋,0
2026-05-29,北陸,,建物,0
2026-05-29,北陸,,農地,0
2026-05-29,北陸,募集中,,4
2026-05-29,北陸,募集中,アパート,0
2026-05-29,北陸,募集中,ビル,0
2026-05-29,北陸,募集中,マンション,0
2026-05-29,北陸,募集中,別荘地,0
2026-05-29,北陸,募集中,土地,4
2026-05-29,北陸,募集中,土地及び建物,0
2026-05-29,北陸,募集中,平屋,0
2026-05-29,北陸,募集中,建物,0
2026-05-29,北陸,募集中,農地,0
2026-05-29,北陸,取引中止,,1
2026-05-29,北陸,取引中止,アパート,0
2026-05-29,北陸,取引中止,ビル,0
2026-05-29,北陸,取引中止,マンション,0
2026-05-29,北陸,取引中止,別荘地,0
2026-05-29,北陸,取引中止,土地,0
2026-05-29,北陸,取引中止,土地及び建物,1
2026-05-29,北陸,取引中止,平屋,0
2026-05-29,北陸,取引中止,建物,0
2026-05-29,北陸,取引中止,農地,0
2026-05-29,北陸,受付停止,,5
2026-05-29,北陸,受付停止,アパート,0
2026-05-29,北陸,受付停止,ビル,0
2026-05-29,北陸,受付停止,マンション,0
2026-05-29,北陸,受付停止,別荘地,0
2026-05-29,北陸,受付停止,土地,1
2026-05-29,北陸,受付停止,土地及び建物,4
2026-05-29,北陸,受付停止,平屋,0
2026-05-29,北陸,受付停止,建物,0
2026-05-29,北陸,受付停止,農地,0
2026-05-29,北陸,成約済,,33
2026-05-29,北陸,成約済,アパート,0
2026-05-29,北陸,成約済,ビル,0
2026-05-29,北陸,成約済,マンション,2
2026-05-29,北陸,成約済,別荘地,0
2026-05-29,北陸,成約済,土地,13
2026-05-29,北陸,成約済,土地及び建物,18
2026-05-29,北陸,成約済,平屋,0
2026-05-29,北陸,成約済,建物,0
2026-05-29,北陸,成約済,農地,0
2026-05-29,四国,,,86
2026-05-29,四国,,アパート,0
2026-05-29,四国,,ビル,0
2026-05-29,四国,,マンション,21
2026-05-29,四国,,別荘地,0
2026-05-29,四国,,土地,20
2026-05-29,四国,,土地及び建物,44
2026-05-29,四国,,平屋,1
2026-05-29,四国,,建物,1
2026-05-29,四国,,農地,0
2026-05-29,四国,募集中,,9
2026-05-29,四国,募集中,アパート,0
2026-05-29,四国,募集中,ビル,0
2026-05-29,四国,募集中,マンション,3
2026-05-29,四国,募集中,別荘地,0
2026-05-29,四国,募集中,土地,4
2026-05-29,四国,募集中,土地及び建物,2
2026-05-29,四国,募集中,平屋,0
2026-05-29,四国,募集中,建物,0
2026-05-29,四国,募集中,農地,0
2026-05-29,四国,取引中止,,1
2026-05-29,四国,取引中止,アパート,0
2026-05-29,四国,取引中止,ビル,0
2026-05-29,四国,取引中止,マンション,0
2026-05-29,四国,取引中止,別荘地,0
2026-05-29,四国,取引中止,土地,1
2026-05-29,四国,取引中止,土地及び建物,0
2026-05-29,四国,取引中止,平屋,0
2026-05-29,四国,取引中止,建物,0
2026-05-29,四国,取引中止,農地,0
2026-05-29,四国,受付停止,,4
2026-05-29,四国,受付停止,アパート,0
2026-05-29,四国,受付停止,ビル,0
2026-05-29,四国,受付停止,マンション,2
2026-05-29,四国,受付停止,別荘地,0
2026-05-29,四国,受付停止,土地,1
2026-05-29,四国,受付停止,土地及び建物,1
2026-05-29,四国,受付停止,平屋,0
2026-05-29,四国,受付停止,建物,0
2026-05-29,四国,受付停止,農地,0
2026-05-29,四国,成約済,,72
2026-05-29,四国,成約済,アパート,0
2026-05-29,四国,成約済,ビル,0
2026-05-29,四国,成約済,マンション,16
2026-05-29,四国,成約済,別荘地,0
2026-05-29,四国,成約済,土地,14
2026-05-29,四国,成約済,土地及び建物,41
2026-05-29,四国,成約済,平屋,1
2026-05-29,四国,成約済,建物,1
2026-05-29,四国,成約済,農地,0
2026-05-29,東北,,,138
2026-05-29,東北,,アパート,0
2026-05-29,東北,,ビル,0
2026-05-29,東北,,マンション,0
2026-05-29,東北,,別荘地,0
2026-05-29,東北,,土地,48
2026-05-29,東北,,土地及び建物,89
2026-05-29,東北,,平屋,0
2026-05-29,東北,,建物,1
2026-05-29,東北,,農地,0
2026-05-29,東北,募集中,,22
2026-05-29,東北,募集中,アパート,0
2026-05-29,東北,募集中,ビル,0
2026-05-29,東北,募集中,マンション,0
2026-05-29,東北,募集中,別荘地,0
2026-05-29,東北,募集中,土地,11
2026-05-29,東北,募集中,土地及び建物,11
2026-05-29,東北,募集中,平屋,0
2026-05-29,東北,募集中,建物,0
2026-05-29,東北,募集中,農地,0
2026-05-29,東北,取引中止,,10
2026-05-29,東北,取引中止,アパート,0
2026-05-29,東北,取引中止,ビル,0
2026-05-29,東北,取引中止,マンション,0
2026-05-29,東北,取引中止,別荘地,0
2026-05-29,東北,取引中止,土地,2
2026-05-29,東北,取引中止,土地及び建物,8
2026-05-29,東北,取引中止,平屋,0
2026-05-29,東北,取引中止,建物,0
2026-05-29,東北,取引中止,農地,0
2026-05-29,東北,受付停止,,11
2026-05-29,東北,受付停止,アパート,0
2026-05-29,東北,受付停止,ビル,0
2026-05-29,東北,受付停止,マンション,0
2026-05-29,東北,受付停止,別荘地,0
2026-05-29,東北,受付停止,土地,4
2026-05-29,東北,受付停止,土地及び建物,7
2026-05-29,東北,受付停止,平屋,0
2026-05-29,東北,受付停止,建物,0
2026-05-29,東北,受付停止,農地,0
2026-05-29,東北,成約済,,95
2026-05-29,東北,成約済,アパート,0
2026-05-29,東北,成約済,ビル,0
2026-05-29,東北,成約済,マンション,0
2026-05-29,東北,成約済,別荘地,0
2026-05-29,東北,成約済,土地,31
2026-05-29,東北,成約済,土地及び建物,63
2026-05-29,東北,成約済,平屋,0
2026-05-29,東北,成約済,建物,1
2026-05-29,東北,成約済,農地,0
2026-05-29,東海,,,244
2026-05-29,東海,,アパート,0
2026-05-29,東海,,ビル,0
2026-05-29,東海,,マンション,7
2026-05-29,東海,,別荘地,45
2026-05-29,東海,,土地,177
2026-05-29,東海,,土地及び建物,57
2026-05-29,東海,,平屋,0
2026-05-29,東海,,建物,3
2026-05-29,東海,,農地,0
2026-05-29,東海,募集中,,32
2026-05-29,東海,募集中,アパート,0
2026-05-29,東海,募集中,ビル,0
2026-05-29,東海,募集中,マンション,2
2026-05-29,東海,募集中,別荘地,5
2026-05-29,東海,募集中,土地,26
2026-05-29,東海,募集中,土地及び建物,4
2026-05-29,東海,募集中,平屋,0
2026-05-29,東海,募集中,建物,0
2026-05-29,東海,募集中,農地,0
2026-05-29,東海,取引中止,,12
2026-05-29,東海,取引中止,アパート,0
2026-05-29,東海,取引中止,ビル,0
2026-05-29,東海,取引中止,マンション,1
2026-05-29,東海,取引中止,別荘地,2
2026-05-29,東海,取引中止,土地,6
2026-05-29,東海,取引中止,土地及び建物,5
2026-05-29,東海,取引中止,平屋,0
2026-05-29,東海,取引中止,建物,0
2026-05-29,東海,取引中止,農地,0
2026-05-29,東海,受付停止,,12
2026-05-29,東海,受付停止,アパート,0
2026-05-29,東海,受付停止,ビル,0
2026-05-29,東海,受付停止,マンション,1
2026-05-29,東海,受付停止,別荘地,0
2026-05-29,東海,受付停止,土地,8
2026-05-29,東海,受付停止,土地及び建物,3
2026-05-29,東海,受付停止,平屋,0
2026-05-29,東海,受付停止,建物,0
2026-05-29,東海,受付停止,農地,0
2026-05-29,東海,成約済,,187
2026-05-29,東海,成約済,アパート,0
2026-05-29,東海,成約済,ビル,0
2026-05-29,東海,成約済,マンション,3
2026-05-29,東海,成約済,別荘地,37
2026-05-29,東海,成約済,土地,136
2026-05-29,東海,成約済,土地及び建物,45
2026-05-29,東海,成約済,平屋,0
2026-05-29,東海,成約済,建物,3
2026-05-29,東海,成約済,農地,0
2026-05-29,甲信越,,,219
2026-05-29,甲信越,,アパート,0
2026-05-29,甲信越,,ビル,0
2026-05-29,甲信越,,マンション,43
2026-05-29,甲信越,,別荘地,22
2026-05-29,甲信越,,土地,101
2026-05-29,甲信越,,土地及び建物,72
2026-05-29,甲信越,,平屋,0
2026-05-29,甲信越,,建物,3
2026-05-29,甲信越,,農地,0
2026-05-29,甲信越,募集中,,19
2026-05-29,甲信越,募集中,アパート,0
2026-05-29,甲信越,募集中,ビル,0
2026-05-29,甲信越,募集中,マンション,1
2026-05-29,甲信越,募集中,別荘地,1
2026-05-29,甲信越,募集中,土地,12
2026-05-29,甲信越,募集中,土地及び建物,6
2026-05-29,甲信越,募集中,平屋,0
2026-05-29,甲信越,募集中,建物,0
2026-05-29,甲信越,募集中,農地,0
2026-05-29,甲信越,取引中止,,13
2026-05-29,甲信越,取引中止,アパート,0
2026-05-29,甲信越,取引中止,ビル,0
2026-05-29,甲信越,取引中止,マンション,1
2026-05-29,甲信越,取引中止,別荘地,0
2026-05-29,甲信越,取引中止,土地,4
2026-05-29,甲信越,取引中止,土地及び建物,8
2026-05-29,甲信越,取引中止,平屋,0
2026-05-29,甲信越,取引中止,建物,0
2026-05-29,甲信越,取引中止,農地,0
2026-05-29,甲信越,受付停止,,21
2026-05-29,甲信越,受付停止,アパート,0
2026-05-29,甲信越,受付停止,ビル,0
2026-05-29,甲信越,受付停止,マンション,5
2026-05-29,甲信越,受付停止,別荘地,0
2026-05-29,甲信越,受付停止,土地,10
2026-05-29,甲信越,受付停止,土地及び建物,6
2026-05-29,甲信越,受付停止,平屋,0
2026-05-29,甲信越,受付停止,建物,0
2026-05-29,甲信越,受付停止,農地,0
2026-05-29,甲信越,成約済,,166
2026-05-29,甲信越,成約済,アパート,0
2026-05-29,甲信越,成約済,ビル,0
2026-05-29,甲信越,成約済,マンション,36
2026-05-29,甲信越,成約済,別荘地,21
2026-05-29,甲信越,成約済,土地,75
2026-05-29,甲信越,成約済,土地及び建物,52
2026-05-29,甲信越,成約済,平屋,0
2026-05-29,甲信越,成約済,建物,3
2026-05-29,甲信越,成約済,農地,0
2026-05-29,近畿,,,109
2026-05-29,近畿,,アパート,0
2026-05-29,近畿,,ビル,0
2026-05-29,近畿,,マンション,5
2026-05-29,近畿,,別荘地,3
2026-05-29,近畿,,土地,60
2026-05-29,近畿,,土地及び建物,42
2026-05-29,近畿,,平屋,0
2026-05-29,近畿,,建物,2
2026-05-29,近畿,,農地,0
2026-05-29,近畿,募集中,,13
2026-05-29,近畿,募集中,アパート,0
2026-05-29,近畿,募集中,ビル,0
2026-05-29,近畿,募集中,マンション,0
2026-05-29,近畿,募集中,別荘地,1
2026-05-29,近畿,募集中,土地,9
2026-05-29,近畿,募集中,土地及び建物,4
2026-05-29,近畿,募集中,平屋,0
2026-05-29,近畿,募集中,建物,0
2026-05-29,近畿,募集中,農地,0
2026-05-29,近畿,取引中止,,11
2026-05-29,近畿,取引中止,アパート,0
2026-05-29,近畿,取引中止,ビル,0
2026-05-29,近畿,取引中止,マンション,0
2026-05-29,近畿,取引中止,別荘地,0
2026-05-29,近畿,取引中止,土地,3
2026-05-29,近畿,取引中止,土地及び建物,8
2026-05-29,近畿,取引中止,平屋,0
2026-05-29,近畿,取引中止,建物,0
2026-05-29,近畿,取引中止,農地,0
2026-05-29,近畿,受付停止,,9
2026-05-29,近畿,受付停止,アパート,0
2026-05-29,近畿,受付停止,ビル,0
2026-05-29,近畿,受付停止,マンション,0
2026-05-29,近畿,受付停止,別荘地,0
2026-05-29,近畿,受付停止,土地,4
2026-05-29,近畿,受付停止,土地及び建物,4
2026-05-29,近畿,受付停止,平屋,0
2026-05-29,近畿,受付停止,建物,1
2026-05-29,近畿,受付停止,農地,0
2026-05-29,近畿,成約済,,76
2026-05-29,近畿,成約済,アパート,0
2026-05-29,近畿,成約済,ビル,0
2026-05-29,近畿,成約済,マンション,5
2026-05-29,近畿,成約済,別荘地,2
2026-05-29,近畿,成約済,土地,44
2026-05-29,近畿,成約済,土地及び建物,26
2026-05-29,近畿,成約済,平屋,0
2026-05-29,近畿,成約済,建物,1
2026-05-29,近畿,成約済,農地,0
2026-05-29,関東,,,402
2026-05-29,関東,,アパート,0
2026-05-29,関東,,ビル,0
2026-05-29,関東,,マンション,17
2026-05-29,関東,,別荘地,18
2026-05-29,関東,,土地,338
2026-05-29,関東,,土地及び建物,45
2026-05-29,関東,,平屋,0
2026-05-29,関東,,建物,2
2026-05-29,関東,,農地,0
2026-05-29,関東,募集中,,43
2026-05-29,関東,募集中,アパート,0
2026-05-29,関東,募集中,ビル,0
2026-05-29,関東,募集中,マンション,1
2026-05-29,関東,募集中,別荘地,0
2026-05-29,関東,募集中,土地,40
2026-05-29,関東,募集中,土地及び建物,2
2026-05-29,関東,募集中,平屋,0
2026-05-29,関東,募集中,建物,0
2026-05-29,関東,募集中,農地,0
2026-05-29,関東,取引中止,,14
2026-05-29,関東,取引中止,アパート,0
2026-05-29,関東,取引中止,ビル,0
2026-05-29,関東,取引中止,マンション,1
2026-05-29,関東,取引中止,別荘地,3
2026-05-29,関東,取引中止,土地,12
2026-05-29,関東,取引中止,土地及び建物,1
2026-05-29,関東,取引中止,平屋,0
2026-05-29,関東,取引中止,建物,0
2026-05-29,関東,取引中止,農地,0
2026-05-29,関東,受付停止,,27
2026-05-29,関東,受付停止,アパート,0
2026-05-29,関東,受付停止,ビル,0
2026-05-29,関東,受付停止,マンション,3
2026-05-29,関東,受付停止,別荘地,0
2026-05-29,関東,受付停止,土地,20
2026-05-29,関東,受付停止,土地及び建物,4
2026-05-29,関東,受付停止,平屋,0
2026-05-29,関東,受付停止,建物,0
2026-05-29,関東,受付停止,農地,0
2026-05-29,関東,成約済,,318
2026-05-29,関東,成約済,アパート,0
2026-05-29,関東,成約済,ビル,0
2026-05-29,関東,成約済,マンション,12
2026-05-29,関東,成約済,別荘地,15
2026-05-29,関東,成約済,土地,266
2026-05-29,関東,成約済,土地及び建物,38
2026-05-29,関東,成約済,平屋,0
2026-05-29,関東,成約済,建物,2
2026-05-29,関東,成約済,農地,0
2026-05-30,,,アパート,1
2026-05-30,,,ビル,1
2026-05-30,,,マンション,98
2026-05-30,,,別荘地,89
2026-05-30,,,土地,970
2026-05-30,,,土地及び建物,758
2026-05-30,,,平屋,4
2026-05-30,,,建物,33
2026-05-30,,,農地,1
2026-05-30,,募集中,,199
2026-05-30,,募集中,アパート,0
2026-05-30,,募集中,ビル,0
2026-05-30,,募集中,マンション,7
2026-05-30,,募集中,別荘地,7
2026-05-30,,募集中,土地,132
2026-05-30,,募集中,土地及び建物,56
2026-05-30,,募集中,平屋,0
2026-05-30,,募集中,建物,4
2026-05-30,,募集中,農地,1
2026-05-30,,取引中止,,93
2026-05-30,,取引中止,アパート,1
2026-05-30,,取引中止,ビル,0
2026-05-30,,取引中止,マンション,3
2026-05-30,,取引中止,別荘地,5
2026-05-30,,取引中止,土地,33
2026-05-30,,取引中止,土地及び建物,52
2026-05-30,,取引中止,平屋,0
2026-05-30,,取引中止,建物,5
2026-05-30,,取引中止,農地,0
2026-05-30,,受付停止,,132
2026-05-30,,受付停止,アパート,0
2026-05-30,,受付停止,ビル,0
2026-05-30,,受付停止,マンション,11
2026-05-30,,受付停止,別荘地,0
2026-05-30,,受付停止,土地,65
2026-05-30,,受付停止,土地及び建物,55
2026-05-30,,受付停止,平屋,0
2026-05-30,,受付停止,建物,1
2026-05-30,,受付停止,農地,0
2026-05-30,,成約済,,1436
2026-05-30,,成約済,アパート,0
2026-05-30,,成約済,ビル,1
2026-05-30,,成約済,マンション,77
2026-05-30,,成約済,別荘地,76
2026-05-30,,成約済,土地,740
2026-05-30,,成約済,土地及び建物,596
2026-05-30,,成約済,平屋,4
2026-05-30,,成約済,建物,23
2026-05-30,,成約済,農地,0
2026-05-30,中国,,,166
2026-05-30,中国,,アパート,0
2026-05-30,中国,,ビル,0
2026-05-30,中国,,マンション,0
2026-05-30,中国,,別荘地,1
2026-05-30,中国,,土地,58
2026-05-30,中国,,土地及び建物,104
2026-05-30,中国,,平屋,2
2026-05-30,中国,,建物,4
2026-05-30,中国,,農地,1
2026-05-30,中国,募集中,,26
2026-05-30,中国,募集中,アパート,0
2026-05-30,中国,募集中,ビル,0
2026-05-30,中国,募集中,マンション,0
2026-05-30,中国,募集中,別荘地,0
2026-05-30,中国,募集中,土地,14
2026-05-30,中国,募集中,土地及び建物,12
2026-05-30,中国,募集中,平屋,0
2026-05-30,中国,募集中,建物,0
2026-05-30,中国,募集中,農地,1
2026-05-30,中国,取引中止,,6
2026-05-30,中国,取引中止,アパート,0
2026-05-30,中国,取引中止,ビル,0
2026-05-30,中国,取引中止,マンション,0
2026-05-30,中国,取引中止,別荘地,0
2026-05-30,中国,取引中止,土地,2
2026-05-30,中国,取引中止,土地及び建物,3
2026-05-30,中国,取引中止,平屋,0
2026-05-30,中国,取引中止,建物,1
2026-05-30,中国,取引中止,農地,0
2026-05-30,中国,受付停止,,13
2026-05-30,中国,受付停止,アパート,0
2026-05-30,中国,受付停止,ビル,0
2026-05-30,中国,受付停止,マンション,0
2026-05-30,中国,受付停止,別荘地,0
2026-05-30,中国,受付停止,土地,5
2026-05-30,中国,受付停止,土地及び建物,8
2026-05-30,中国,受付停止,平屋,0
2026-05-30,中国,受付停止,建物,0
2026-05-30,中国,受付停止,農地,0
2026-05-30,中国,成約済,,121
2026-05-30,中国,成約済,アパート,0
2026-05-30,中国,成約済,ビル,0
2026-05-30,中国,成約済,マンション,0
2026-05-30,中国,成約済,別荘地,1
2026-05-30,中国,成約済,土地,37
2026-05-30,中国,成約済,土地及び建物,81
2026-05-30,中国,成約済,平屋,2
2026-05-30,中国,成約済,建物,3
2026-05-30,中国,成約済,農地,0
2026-05-30,九州・沖縄,,,132
2026-05-30,九州・沖縄,,アパート,0
2026-05-30,九州・沖縄,,ビル,0
2026-05-30,九州・沖縄,,マンション,0
2026-05-30,九州・沖縄,,別荘地,0
2026-05-30,九州・沖縄,,土地,66
2026-05-30,九州・沖縄,,土地及び建物,65
2026-05-30,九州・沖縄,,平屋,1
2026-05-30,九州・沖縄,,建物,1
2026-05-30,九州・沖縄,,農地,0
2026-05-30,九州・沖縄,募集中,,16
2026-05-30,九州・沖縄,募集中,アパート,0
2026-05-30,九州・沖縄,募集中,ビル,0
2026-05-30,九州・沖縄,募集中,マンション,0
2026-05-30,九州・沖縄,募集中,別荘地,0
2026-05-30,九州・沖縄,募集中,土地,9
2026-05-30,九州・沖縄,募集中,土地及び建物,7
2026-05-30,九州・沖縄,募集中,平屋,0
2026-05-30,九州・沖縄,募集中,建物,0
2026-05-30,九州・沖縄,募集中,農地,0
2026-05-30,九州・沖縄,取引中止,,5
2026-05-30,九州・沖縄,取引中止,アパート,0
2026-05-30,九州・沖縄,取引中止,ビル,0
2026-05-30,九州・沖縄,取引中止,マンション,0
2026-05-30,九州・沖縄,取引中止,別荘地,0
2026-05-30,九州・沖縄,取引中止,土地,1
2026-05-30,九州・沖縄,取引中止,土地及び建物,4
2026-05-30,九州・沖縄,取引中止,平屋,0
2026-05-30,九州・沖縄,取引中止,建物,0
2026-05-30,九州・沖縄,取引中止,農地,0
2026-05-30,九州・沖縄,受付停止,,13
2026-05-30,九州・沖縄,受付停止,アパート,0
2026-05-30,九州・沖縄,受付停止,ビル,0
2026-05-30,九州・沖縄,受付停止,マンション,0
2026-05-30,九州・沖縄,受付停止,別荘地,0
2026-05-30,九州・沖縄,受付停止,土地,8
2026-05-30,九州・沖縄,受付停止,土地及び建物,5
2026-05-30,九州・沖縄,受付停止,平屋,0
2026-05-30,九州・沖縄,受付停止,建物,0
2026-05-30,九州・沖縄,受付停止,農地,0
2026-05-30,九州・沖縄,成約済,,98
2026-05-30,九州・沖縄,成約済,アパート,0
2026-05-30,九州・沖縄,成約済,ビル,0
2026-05-30,九州・沖縄,成約済,マンション,0
2026-05-30,九州・沖縄,成約済,別荘地,0
2026-05-30,九州・沖縄,成約済,土地,48
2026-05-30,九州・沖縄,成約済,土地及び建物,49
2026-05-30,九州・沖縄,成約済,平屋,1
2026-05-30,九州・沖縄,成約済,建物,1
2026-05-30,九州・沖縄,成約済,農地,0
2026-05-30,北海道,,,318
2026-05-30,北海道,,アパート,1
2026-05-30,北海道,,ビル,1
2026-05-30,北海道,,マンション,3
2026-05-30,北海道,,別荘地,0
2026-05-30,北海道,,土地,84
2026-05-30,北海道,,土地及び建物,215
2026-05-30,北海道,,平屋,0
2026-05-30,北海道,,建物,16
2026-05-30,北海道,,農地,0
2026-05-30,北海道,募集中,,14
2026-05-30,北海道,募集中,アパート,0
2026-05-30,北海道,募集中,ビル,0
2026-05-30,北海道,募集中,マンション,0
2026-05-30,北海道,募集中,別荘地,0
2026-05-30,北海道,募集中,土地,3
2026-05-30,北海道,募集中,土地及び建物,7
2026-05-30,北海道,募集中,平屋,0
2026-05-30,北海道,募集中,建物,4
2026-05-30,北海道,募集中,農地,0
2026-05-30,北海道,取引中止,,20
2026-05-30,北海道,取引中止,アパート,1
2026-05-30,北海道,取引中止,ビル,0
2026-05-30,北海道,取引中止,マンション,0
2026-05-30,北海道,取引中止,別荘地,0
2026-05-30,北海道,取引中止,土地,2
2026-05-30,北海道,取引中止,土地及び建物,14
2026-05-30,北海道,取引中止,平屋,0
2026-05-30,北海道,取引中止,建物,4
2026-05-30,北海道,取引中止,農地,0
2026-05-30,北海道,受付停止,,17
2026-05-30,北海道,受付停止,アパート,0
2026-05-30,北海道,受付停止,ビル,0
2026-05-30,北海道,受付停止,マンション,0
2026-05-30,北海道,受付停止,別荘地,0
2026-05-30,北海道,受付停止,土地,4
2026-05-30,北海道,受付停止,土地及び建物,13
2026-05-30,北海道,受付停止,平屋,0
2026-05-30,北海道,受付停止,建物,0
2026-05-30,北海道,受付停止,農地,0
2026-05-30,北海道,成約済,,269
2026-05-30,北海道,成約済,アパート,0
2026-05-30,北海道,成約済,ビル,1
2026-05-30,北海道,成約済,マンション,3
2026-05-30,北海道,成約済,別荘地,0
2026-05-30,北海道,成約済,土地,76
2026-05-30,北海道,成約済,土地及び建物,182
2026-05-30,北海道,成約済,平屋,0
2026-05-30,北海道,成約済,建物,8
2026-05-30,北海道,成約済,農地,0
2026-05-30,北陸,,,43
2026-05-30,北陸,,アパート,0
2026-05-30,北陸,,ビル,0
2026-05-30,北陸,,マンション,2
2026-05-30,北陸,,別荘地,0
2026-05-30,北陸,,土地,18
2026-05-30,北陸,,土地及び建物,23
2026-05-30,北陸,,平屋,0
2026-05-30,北陸,,建物,0
2026-05-30,北陸,,農地,0
2026-05-30,北陸,募集中,,4
2026-05-30,北陸,募集中,アパート,0
2026-05-30,北陸,募集中,ビル,0
2026-05-30,北陸,募集中,マンション,0
2026-05-30,北陸,募集中,別荘地,0
2026-05-30,北陸,募集中,土地,4
2026-05-30,北陸,募集中,土地及び建物,0
2026-05-30,北陸,募集中,平屋,0
2026-05-30,北陸,募集中,建物,0
2026-05-30,北陸,募集中,農地,0
2026-05-30,北陸,取引中止,,1
2026-05-30,北陸,取引中止,アパート,0
2026-05-30,北陸,取引中止,ビル,0
2026-05-30,北陸,取引中止,マンション,0
2026-05-30,北陸,取引中止,別荘地,0
2026-05-30,北陸,取引中止,土地,0
2026-05-30,北陸,取引中止,土地及び建物,1
2026-05-30,北陸,取引中止,平屋,0
2026-05-30,北陸,取引中止,建物,0
2026-05-30,北陸,取引中止,農地,0
2026-05-30,北陸,受付停止,,5
2026-05-30,北陸,受付停止,アパート,0
2026-05-30,北陸,受付停止,ビル,0
2026-05-30,北陸,受付停止,マンション,0
2026-05-30,北陸,受付停止,別荘地,0
2026-05-30,北陸,受付停止,土地,1
2026-05-30,北陸,受付停止,土地及び建物,4
2026-05-30,北陸,受付停止,平屋,0
2026-05-30,北陸,受付停止,建物,0
2026-05-30,北陸,受付停止,農地,0
2026-05-30,北陸,成約済,,33
2026-05-30,北陸,成約済,アパート,0
2026-05-30,北陸,成約済,ビル,0
2026-05-30,北陸,成約済,マンション,2
2026-05-30,北陸,成約済,別荘地,0
2026-05-30,北陸,成約済,土地,13
2026-05-30,北陸,成約済,土地及び建物,18
2026-05-30,北陸,成約済,平屋,0
2026-05-30,北陸,成約済,建物,0
2026-05-30,北陸,成約済,農地,0
2026-05-30,四国,,,86
2026-05-30,四国,,アパート,0
2026-05-30,四国,,ビル,0
2026-05-30,四国,,マンション,21
2026-05-30,四国,,別荘地,0
2026-05-30,四国,,土地,20
2026-05-30,四国,,土地及び建物,44
2026-05-30,四国,,平屋,1
2026-05-30,四国,,建物,1
2026-05-30,四国,,農地,0
2026-05-30,四国,募集中,,9
2026-05-30,四国,募集中,アパート,0
2026-05-30,四国,募集中,ビル,0
2026-05-30,四国,募集中,マンション,3
2026-05-30,四国,募集中,別荘地,0
2026-05-30,四国,募集中,土地,4
2026-05-30,四国,募集中,土地及び建物,2
2026-05-30,四国,募集中,平屋,0
2026-05-30,四国,募集中,建物,0
2026-05-30,四国,募集中,農地,0
2026-05-30,四国,取引中止,,1
2026-05-30,四国,取引中止,アパート,0
2026-05-30,四国,取引中止,ビル,0
2026-05-30,四国,取引中止,マンション,0
2026-05-30,四国,取引中止,別荘地,0
2026-05-30,四国,取引中止,土地,1
2026-05-30,四国,取引中止,土地及び建物,0
2026-05-30,四国,取引中止,平屋,0
2026-05-30,四国,取引中止,建物,0
2026-05-30,四国,取引中止,農地,0
2026-05-30,四国,受付停止,,4
2026-05-30,四国,受付停止,アパート,0
2026-05-30,四国,受付停止,ビル,0
2026-05-30,四国,受付停止,マンション,2
2026-05-30,四国,受付停止,別荘地,0
2026-05-30,四国,受付停止,土地,1
2026-05-30,四国,受付停止,土地及び建物,1
2026-05-30,四国,受付停止,平屋,0
2026-05-30,四国,受付停止,建物,0
2026-05-30,四国,受付停止,農地,0
2026-05-30,四国,成約済,,72
2026-05-30,四国,成約済,アパート,0
2026-05-30,四国,成約済,ビル,0
2026-05-30,四国,成約済,マンション,16
2026-05-30,四国,成約済,別荘地,0
2026-05-30,四国,成約済,土地,14
2026-05-30,四国,成約済,土地及び建物,41
2026-05-30,四国,成約済,平屋,1
2026-05-30,四国,成約済,建物,1
2026-05-30,四国,成約済,農地,0
2026-05-30,東北,,,138
2026-05-30,東北,,アパート,0
2026-05-30,東北,,ビル,0
2026-05-30,東北,,マンション,0
2026-05-30,東北,,別荘地,0
2026-05-30,東北,,土地,48
2026-05-30,東北,,土地及び建物,89
2026-05-30,東北,,平屋,0
2026-05-30,東北,,建物,1
2026-05-30,東北,,農地,0
2026-05-30,東北,募集中,,22
2026-05-30,東北,募集中,アパート,0
2026-05-30,東北,募集中,ビル,0
2026-05-30,東北,募集中,マンション,0
2026-05-30,東北,募集中,別荘地,0
2026-05-30,東北,募集中,土地,11
2026-05-30,東北,募集中,土地及び建物,11
2026-05-30,東北,募集中,平屋,0
2026-05-30,東北,募集中,建物,0
2026-05-30,東北,募集中,農地,0
2026-05-30,東北,取引中止,,10
2026-05-30,東北,取引中止,アパート,0
2026-05-30,東北,取引中止,ビル,0
2026-05-30,東北,取引中止,マンション,0
2026-05-30,東北,取引中止,別荘地,0
2026-05-30,東北,取引中止,土地,2
2026-05-30,東北,取引中止,土地及び建物,8
2026-05-30,東北,取引中止,平屋,0
2026-05-30,東北,取引中止,建物,0
2026-05-30,東北,取引中止,農地,0
2026-05-30,東北,受付停止,,11
2026-05-30,東北,受付停止,アパート,0
2026-05-30,東北,受付停止,ビル,0
2026-05-30,東北,受付停止,マンション,0
2026-05-30,東北,受付停止,別荘地,0
2026-05-30,東北,受付停止,土地,4
2026-05-30,東北,受付停止,土地及び建物,7
2026-05-30,東北,受付停止,平屋,0
2026-05-30,東北,受付停止,建物,0
2026-05-30,東北,受付停止,農地,0
2026-05-30,東北,成約済,,95
2026-05-30,東北,成約済,アパート,0
2026-05-30,東北,成約済,ビル,0
2026-05-30,東北,成約済,マンション,0
2026-05-30,東北,成約済,別荘地,0
2026-05-30,東北,成約済,土地,31
2026-05-30,東北,成約済,土地及び建物,63
2026-05-30,東北,成約済,平屋,0
2026-05-30,東北,成約済,建物,1
2026-05-30,東北,成約済,農地,0
2026-05-30,東海,,,244
2026-05-30,東海,,アパート,0
2026-05-30,東海,,ビル,0
2026-05-30,東海,,マンション,7
2026-05-30,東海,,別荘地,45
2026-05-30,東海,,土地,177
2026-05-30,東海,,土地及び建物,57
2026-05-30,東海,,平屋,0
2026-05-30,東海,,建物,3
2026-05-30,東海,,農地,0
2026-05-30,東海,募集中,,32
2026-05-30,東海,募集中,アパート,0
2026-05-30,東海,募集中,ビル,0
2026-05-30,東海,募集中,マンション,2
2026-05-30,東海,募集中,別荘地,5
2026-05-30,東海,募集中,土地,26
2026-05-30,東海,募集中,土地及び建物,4
2026-05-30,東海,募集中,平屋,0
2026-05-30,東海,募集中,建物,0
2026-05-30,東海,募集中,農地,0
2026-05-30,東海,取引中止,,12
2026-05-30,東海,取引中止,アパート,0
2026-05-30,東海,取引中止,ビル,0
2026-05-30,東海,取引中止,マンション,1
2026-05-30,東海,取引中止,別荘地,2
2026-05-30,東海,取引中止,土地,6
2026-05-30,東海,取引中止,土地及び建物,5
2026-05-30,東海,取引中止,平屋,0
2026-05-30,東海,取引中止,建物,0
2026-05-30,東海,取引中止,農地,0
2026-05-30,東海,受付停止,,12
2026-05-30,東海,受付停止,アパート,0
2026-05-30,東海,受付停止,ビル,0
2026-05-30,東海,受付停止,マンション,1
2026-05-30,東海,受付停止,別荘地,0
2026-05-30,東海,受付停止,土地,8
2026-05-30,東海,受付停止,土地及び建物,3
2026-05-30,東海,受付停止,平屋,0
2026-05-30,東海,受付停止,建物,0
2026-05-30,東海,受付停止,農地,0
2026-05-30,東海,成約済,,187
2026-05-30,東海,成約済,アパート,0
2026-05-30,東海,成約済,ビル,0
2026-05-30,東海,成約済,マンション,3
2026-05-30,東海,成約済,別荘地,37
2026-05-30,東海,成約済,土地,136
2026-05-30,東海,成約済,土地及び建物,45
2026-05-30,東海,成約済,平屋,0
2026-05-30,東海,成約済,建物,3
2026-05-30,東海,成約済,農地,0
2026-05-30,甲信越,,,219
2026-05-30,甲信越,,アパート,0
2026-05-30,甲信越,,ビル,0
2026-05-30,甲信越,,マンション,43
2026-05-30,甲信越,,別荘地,22
2026-05-30,甲信越,,土地,101
2026-05-30,甲信越,,土地及び建物,72
2026-05-30,甲信越,,平屋,0
2026-05-30,甲信越,,建物,3
2026-05-30,甲信越,,農地,0
2026-05-30,甲信越,募集中,,19
2026-05-30,甲信越,募集中,アパート,0
2026-05-30,甲信越,募集中,ビル,0
2026-05-30,甲信越,募集中,マンション,1
2026-05-30,甲信越,募集中,別荘地,1
2026-05-30,甲信越,募集中,土地,12
2026-05-30,甲信越,募集中,土地及び建物,6
2026-05-30,甲信越,募集中,平屋,0
2026-05-30,甲信越,募集中,建物,0
2026-05-30,甲信越,募集中,農地,0
2026-05-30,甲信越,取引中止,,13
2026-05-30,甲信越,取引中止,アパート,0
2026-05-30,甲信越,取引中止,ビル,0
2026-05-30,甲信越,取引中止,マンション,1
2026-05-30,甲信越,取引中止,別荘地,0
2026-05-30,甲信越,取引中止,土地,4
2026-05-30,甲信越,取引中止,土地及び建物,8
2026-05-30,甲信越,取引中止,平屋,0
2026-05-30,甲信越,取引中止,建物,0
2026-05-30,甲信越,取引中止,農地,0
2026-05-30,甲信越,受付停止,,21
2026-05-30,甲信越,受付停止,アパート,0
2026-05-30,甲信越,受付停止,ビル,0
2026-05-30,甲信越,受付停止,マンション,5
2026-05-30,甲信越,受付停止,別荘地,0
2026-05-30,甲信越,受付停止,土地,10
2026-05-30,甲信越,受付停止,土地及び建物,6
2026-05-30,甲信越,受付停止,平屋,0
2026-05-30,甲信越,受付停止,建物,0
2026-05-30,甲信越,受付停止,農地,0
2026-05-30,甲信越,成約済,,166
2026-05-30,甲信越,成約済,アパート,0
2026-05-30,甲信越,成約済,ビル,0
2026-05-30,甲信越,成約済,マンション,36
2026-05-30,甲信越,成約済,別荘地,21
2026-05-30,甲信越,成約済,土地,75
2026-05-30,甲信越,成約済,土地及び建物,52
2026-05-30,甲信越,成約済,平屋,0
2026-05-30,甲信越,成約済,建物,3
2026-05-30,甲信越,成約済,農地,0
2026-05-30,近畿,,,109
2026-05-30,近畿,,アパート,0
2026-05-30,近畿,,ビル,0
2026-05-30,近畿,,マンション,5
2026-05-30,近畿,,別荘地,3
2026-05-30,近畿,,土地,60
2026-05-30,近畿,,土地及び建物,42
2026-05-30,近畿,,平屋,0
2026-05-30,近畿,,建物,2
2026-05-30,近畿,,農地,0
2026-05-30,近畿,募集中,,13
2026-05-30,近畿,募集中,アパート,0
2026-05-30,近畿,募集中,ビル,0
2026-05-30,近畿,募集中,マンション,0
2026-05-30,近畿,募集中,別荘地,1
2026-05-30,近畿,募集中,土地,9
2026-05-30,近畿,募集中,土地及び建物,4
2026-05-30,近畿,募集中,平屋,0
2026-05-30,近畿,募集中,建物,0
2026-05-30,近畿,募集中,農地,0
2026-05-30,近畿,取引中止,,11
2026-05-30,近畿,取引中止,アパート,0
2026-05-30,近畿,取引中止,ビル,0
2026-05-30,近畿,取引中止,マンション,0
2026-05-30,近畿,取引中止,別荘地,0
2026-05-30,近畿,取引中止,土地,3
2026-05-30,近畿,取引中止,土地及び建物,8
2026-05-30,近畿,取引中止,平屋,0
2026-05-30,近畿,取引中止,建物,0
2026-05-30,近畿,取引中止,農地,0
2026-05-30,近畿,受付停止,,9
2026-05-30,近畿,受付停止,アパート,0
2026-05-30,近畿,受付停止,ビル,0
2026-05-30,近畿,受付停止,マンション,0
2026-05-30,近畿,受付停止,別荘地,0
2026-05-30,近畿,受付停止,土地,4
2026-05-30,近畿,受付停止,土地及び建物,4
2026-05-30,近畿,受付停止,平屋,0
2026-05-30,近畿,受付停止,建物,1
2026-05-30,近畿,受付停止,農地,0
2026-05-30,近畿,成約済,,76
2026-05-30,近畿,成約済,アパート,0
2026-05-30,近畿,成約済,ビル,0
2026-05-30,近畿,成約済,マンション,5
2026-05-30,近畿,成約済,別荘地,2
2026-05-30,近畿,成約済,土地,44
2026-05-30,近畿,成約済,土地及び建物,26
2026-05-30,近畿,成約済,平屋,0
2026-05-30,近畿,成約済,建物,1
2026-05-30,近畿,成約済,農地,0
2026-05-30,関東,,,403
2026-05-30,関東,,アパート,0
2026-05-30,関東,,ビル,0
2026-05-30,関東,,マンション,17
2026-05-30,関東,,別荘地,18
2026-05-30,関東,,土地,338
2026-05-30,関東,,土地及び建物,46
2026-05-30,関東,,平屋,0
2026-05-30,関東,,建物,2
2026-05-30,関東,,農地,0
2026-05-30,関東,募集中,,44
2026-05-30,関東,募集中,アパート,0
2026-05-30,関東,募集中,ビル,0
2026-05-30,関東,募集中,マンション,1
2026-05-30,関東,募集中,別荘地,0
2026-05-30,関東,募集中,土地,40
2026-05-30,関東,募集中,土地及び建物,3
2026-05-30,関東,募集中,平屋,0
2026-05-30,関東,募集中,建物,0
2026-05-30,関東,募集中,農地,0
2026-05-30,関東,取引中止,,14
2026-05-30,関東,取引中止,アパート,0
2026-05-30,関東,取引中止,ビル,0
2026-05-30,関東,取引中止,マンション,1
2026-05-30,関東,取引中止,別荘地,3
2026-05-30,関東,取引中止,土地,12
2026-05-30,関東,取引中止,土地及び建物,1
2026-05-30,関東,取引中止,平屋,0
2026-05-30,関東,取引中止,建物,0
2026-05-30,関東,取引中止,農地,0
2026-05-30,関東,受付停止,,27
2026-05-30,関東,受付停止,アパート,0
2026-05-30,関東,受付停止,ビル,0
2026-05-30,関東,受付停止,マンション,3
2026-05-30,関東,受付停止,別荘地,0
2026-05-30,関東,受付停止,土地,20
2026-05-30,関東,受付停止,土地及び建物,4
2026-05-30,関東,受付停止,平屋,0
2026-05-30,関東,受付停止,建物,0
2026-05-30,関東,受付停止,農地,0
2026-05-30,関東,成約済,,318
2026-05-30,関東,成約済,アパート,0
2026-05-30,関東,成約済,ビル,0
2026-05-30,関東,成約済,マンション,12
2026-05-30,関東,成約済,別荘地,15
2026-05-30,関東,成約済,土地,266
2026-05-30,関東,成約済,土地及び建物,38
2026-05-30,関東,成約済,平屋,0
2026-05-30,関東,成約済,建物,2
2026-05-30,関東,成約済,農地,0
2026-05-31,,,アパート,1
2026-05-31,,,ビル,1
2026-05-31,,,マンション,98
2026-05-31,,,別荘地,89
2026-05-31,,,土地,970
2026-05-31,,,土地及び建物,758
2026-05-31,,,平屋,4
2026-05-31,,,建物,33
2026-05-31,,,農地,1
2026-05-31,,募集中,,198
2026-05-31,,募集中,アパート,0
2026-05-31,,募集中,ビル,0
2026-05-31,,募集中,マンション,7
2026-05-31,,募集中,別荘地,7
2026-05-31,,募集中,土地,132
2026-05-31,,募集中,土地及び建物,55
2026-05-31,,募集中,平屋,0
2026-05-31,,募集中,建物,4
2026-05-31,,募集中,農地,1
2026-05-31,,取引中止,,93
2026-05-31,,取引中止,アパート,1
2026-05-31,,取引中止,ビル,0
2026-05-31,,取引中止,マンション,3
2026-05-31,,取引中止,別荘地,5
2026-05-31,,取引中止,土地,33
2026-05-31,,取引中止,土地及び建物,52
2026-05-31,,取引中止,平屋,0
2026-05-31,,取引中止,建物,5
2026-05-31,,取引中止,農地,0
2026-05-31,,受付停止,,133
2026-05-31,,受付停止,アパート,0
2026-05-31,,受付停止,ビル,0
2026-05-31,,受付停止,マンション,11
2026-05-31,,受付停止,別荘地,0
2026-05-31,,受付停止,土地,65
2026-05-31,,受付停止,土地及び建物,56
2026-05-31,,受付停止,平屋,0
2026-05-31,,受付停止,建物,1
2026-05-31,,受付停止,農地,0
2026-05-31,,成約済,,1436
2026-05-31,,成約済,アパート,0
2026-05-31,,成約済,ビル,1
2026-05-31,,成約済,マンション,77
2026-05-31,,成約済,別荘地,76
2026-05-31,,成約済,土地,740
2026-05-31,,成約済,土地及び建物,596
2026-05-31,,成約済,平屋,4
2026-05-31,,成約済,建物,23
2026-05-31,,成約済,農地,0
2026-05-31,中国,,,166
2026-05-31,中国,,アパート,0
2026-05-31,中国,,ビル,0
2026-05-31,中国,,マンション,0
2026-05-31,中国,,別荘地,1
2026-05-31,中国,,土地,58
2026-05-31,中国,,土地及び建物,104
2026-05-31,中国,,平屋,2
2026-05-31,中国,,建物,4
2026-05-31,中国,,農地,1
2026-05-31,中国,募集中,,26
2026-05-31,中国,募集中,アパート,0
2026-05-31,中国,募集中,ビル,0
2026-05-31,中国,募集中,マンション,0
2026-05-31,中国,募集中,別荘地,0
2026-05-31,中国,募集中,土地,14
2026-05-31,中国,募集中,土地及び建物,12
2026-05-31,中国,募集中,平屋,0
2026-05-31,中国,募集中,建物,0
2026-05-31,中国,募集中,農地,1
2026-05-31,中国,取引中止,,6
2026-05-31,中国,取引中止,アパート,0
2026-05-31,中国,取引中止,ビル,0
2026-05-31,中国,取引中止,マンション,0
2026-05-31,中国,取引中止,別荘地,0
2026-05-31,中国,取引中止,土地,2
2026-05-31,中国,取引中止,土地及び建物,3
2026-05-31,中国,取引中止,平屋,0
2026-05-31,中国,取引中止,建物,1
2026-05-31,中国,取引中止,農地,0
2026-05-31,中国,受付停止,,13
2026-05-31,中国,受付停止,アパート,0
2026-05-31,中国,受付停止,ビル,0
2026-05-31,中国,受付停止,マンション,0
2026-05-31,中国,受付停止,別荘地,0
2026-05-31,中国,受付停止,土地,5
2026-05-31,中国,受付停止,土地及び建物,8
2026-05-31,中国,受付停止,平屋,0
2026-05-31,中国,受付停止,建物,0
2026-05-31,中国,受付停止,農地,0
2026-05-31,中国,成約済,,121
2026-05-31,中国,成約済,アパート,0
2026-05-31,中国,成約済,ビル,0
2026-05-31,中国,成約済,マンション,0
2026-05-31,中国,成約済,別荘地,1
2026-05-31,中国,成約済,土地,37
2026-05-31,中国,成約済,土地及び建物,81
2026-05-31,中国,成約済,平屋,2
2026-05-31,中国,成約済,建物,3
2026-05-31,中国,成約済,農地,0
2026-05-31,九州・沖縄,,,132
2026-05-31,九州・沖縄,,アパート,0
2026-05-31,九州・沖縄,,ビル,0
2026-05-31,九州・沖縄,,マンション,0
2026-05-31,九州・沖縄,,別荘地,0
2026-05-31,九州・沖縄,,土地,66
2026-05-31,九州・沖縄,,土地及び建物,65
2026-05-31,九州・沖縄,,平屋,1
2026-05-31,九州・沖縄,,建物,1
2026-05-31,九州・沖縄,,農地,0
2026-05-31,九州・沖縄,募集中,,16
2026-05-31,九州・沖縄,募集中,アパート,0
2026-05-31,九州・沖縄,募集中,ビル,0
2026-05-31,九州・沖縄,募集中,マンション,0
2026-05-31,九州・沖縄,募集中,別荘地,0
2026-05-31,九州・沖縄,募集中,土地,9
2026-05-31,九州・沖縄,募集中,土地及び建物,7
2026-05-31,九州・沖縄,募集中,平屋,0
2026-05-31,九州・沖縄,募集中,建物,0
2026-05-31,九州・沖縄,募集中,農地,0
2026-05-31,九州・沖縄,取引中止,,5
2026-05-31,九州・沖縄,取引中止,アパート,0
2026-05-31,九州・沖縄,取引中止,ビル,0
2026-05-31,九州・沖縄,取引中止,マンション,0
2026-05-31,九州・沖縄,取引中止,別荘地,0
2026-05-31,九州・沖縄,取引中止,土地,1
2026-05-31,九州・沖縄,取引中止,土地及び建物,4
2026-05-31,九州・沖縄,取引中止,平屋,0
2026-05-31,九州・沖縄,取引中止,建物,0
2026-05-31,九州・沖縄,取引中止,農地,0
2026-05-31,九州・沖縄,受付停止,,13
2026-05-31,九州・沖縄,受付停止,アパート,0
2026-05-31,九州・沖縄,受付停止,ビル,0
2026-05-31,九州・沖縄,受付停止,マンション,0
2026-05-31,九州・沖縄,受付停止,別荘地,0
2026-05-31,九州・沖縄,受付停止,土地,8
2026-05-31,九州・沖縄,受付停止,土地及び建物,5
2026-05-31,九州・沖縄,受付停止,平屋,0
2026-05-31,九州・沖縄,受付停止,建物,0
2026-05-31,九州・沖縄,受付停止,農地,0
2026-05-31,九州・沖縄,成約済,,98
2026-05-31,九州・沖縄,成約済,アパート,0
2026-05-31,九州・沖縄,成約済,ビル,0
2026-05-31,九州・沖縄,成約済,マンション,0
2026-05-31,九州・沖縄,成約済,別荘地,0
2026-05-31,九州・沖縄,成約済,土地,48
2026-05-31,九州・沖縄,成約済,土地及び建物,49
2026-05-31,九州・沖縄,成約済,平屋,1
2026-05-31,九州・沖縄,成約済,建物,1
2026-05-31,九州・沖縄,成約済,農地,0
2026-05-31,北海道,,,318
2026-05-31,北海道,,アパート,1
2026-05-31,北海道,,ビル,1
2026-05-31,北海道,,マンション,3
2026-05-31,北海道,,別荘地,0
2026-05-31,北海道,,土地,84
2026-05-31,北海道,,土地及び建物,215
2026-05-31,北海道,,平屋,0
2026-05-31,北海道,,建物,16
2026-05-31,北海道,,農地,0
2026-05-31,北海道,募集中,,14
2026-05-31,北海道,募集中,アパート,0
2026-05-31,北海道,募集中,ビル,0
2026-05-31,北海道,募集中,マンション,0
2026-05-31,北海道,募集中,別荘地,0
2026-05-31,北海道,募集中,土地,3
2026-05-31,北海道,募集中,土地及び建物,7
2026-05-31,北海道,募集中,平屋,0
2026-05-31,北海道,募集中,建物,4
2026-05-31,北海道,募集中,農地,0
2026-05-31,北海道,取引中止,,20
2026-05-31,北海道,取引中止,アパート,1
2026-05-31,北海道,取引中止,ビル,0
2026-05-31,北海道,取引中止,マンション,0
2026-05-31,北海道,取引中止,別荘地,0
2026-05-31,北海道,取引中止,土地,2
2026-05-31,北海道,取引中止,土地及び建物,14
2026-05-31,北海道,取引中止,平屋,0
2026-05-31,北海道,取引中止,建物,4
2026-05-31,北海道,取引中止,農地,0
2026-05-31,北海道,受付停止,,17
2026-05-31,北海道,受付停止,アパート,0
2026-05-31,北海道,受付停止,ビル,0
2026-05-31,北海道,受付停止,マンション,0
2026-05-31,北海道,受付停止,別荘地,0
2026-05-31,北海道,受付停止,土地,4
2026-05-31,北海道,受付停止,土地及び建物,13
2026-05-31,北海道,受付停止,平屋,0
2026-05-31,北海道,受付停止,建物,0
2026-05-31,北海道,受付停止,農地,0
2026-05-31,北海道,成約済,,269
2026-05-31,北海道,成約済,アパート,0
2026-05-31,北海道,成約済,ビル,1
2026-05-31,北海道,成約済,マンション,3
2026-05-31,北海道,成約済,別荘地,0
2026-05-31,北海道,成約済,土地,76
2026-05-31,北海道,成約済,土地及び建物,182
2026-05-31,北海道,成約済,平屋,0
2026-05-31,北海道,成約済,建物,8
2026-05-31,北海道,成約済,農地,0
2026-05-31,北陸,,,43
2026-05-31,北陸,,アパート,0
2026-05-31,北陸,,ビル,0
2026-05-31,北陸,,マンション,2
2026-05-31,北陸,,別荘地,0
2026-05-31,北陸,,土地,18
2026-05-31,北陸,,土地及び建物,23
2026-05-31,北陸,,平屋,0
2026-05-31,北陸,,建物,0
2026-05-31,北陸,,農地,0
2026-05-31,北陸,募集中,,4
2026-05-31,北陸,募集中,アパート,0
2026-05-31,北陸,募集中,ビル,0
2026-05-31,北陸,募集中,マンション,0
2026-05-31,北陸,募集中,別荘地,0
2026-05-31,北陸,募集中,土地,4
2026-05-31,北陸,募集中,土地及び建物,0
2026-05-31,北陸,募集中,平屋,0
2026-05-31,北陸,募集中,建物,0
2026-05-31,北陸,募集中,農地,0
2026-05-31,北陸,取引中止,,1
2026-05-31,北陸,取引中止,アパート,0
2026-05-31,北陸,取引中止,ビル,0
2026-05-31,北陸,取引中止,マンション,0
2026-05-31,北陸,取引中止,別荘地,0
2026-05-31,北陸,取引中止,土地,0
2026-05-31,北陸,取引中止,土地及び建物,1
2026-05-31,北陸,取引中止,平屋,0
2026-05-31,北陸,取引中止,建物,0
2026-05-31,北陸,取引中止,農地,0
2026-05-31,北陸,受付停止,,5
2026-05-31,北陸,受付停止,アパート,0
2026-05-31,北陸,受付停止,ビル,0
2026-05-31,北陸,受付停止,マンション,0
2026-05-31,北陸,受付停止,別荘地,0
2026-05-31,北陸,受付停止,土地,1
2026-05-31,北陸,受付停止,土地及び建物,4
2026-05-31,北陸,受付停止,平屋,0
2026-05-31,北陸,受付停止,建物,0
2026-05-31,北陸,受付停止,農地,0
2026-05-31,北陸,成約済,,33
2026-05-31,北陸,成約済,アパート,0
2026-05-31,北陸,成約済,ビル,0
2026-05-31,北陸,成約済,マンション,2
2026-05-31,北陸,成約済,別荘地,0
2026-05-31,北陸,成約済,土地,13
2026-05-31,北陸,成約済,土地及び建物,18
2026-05-31,北陸,成約済,平屋,0
2026-05-31,北陸,成約済,建物,0
2026-05-31,北陸,成約済,農地,0
2026-05-31,四国,,,86
2026-05-31,四国,,アパート,0
2026-05-31,四国,,ビル,0
2026-05-31,四国,,マンション,21
2026-05-31,四国,,別荘地,0
2026-05-31,四国,,土地,20
2026-05-31,四国,,土地及び建物,44
2026-05-31,四国,,平屋,1
2026-05-31,四国,,建物,1
2026-05-31,四国,,農地,0
2026-05-31,四国,募集中,,9
2026-05-31,四国,募集中,アパート,0
2026-05-31,四国,募集中,ビル,0
2026-05-31,四国,募集中,マンション,3
2026-05-31,四国,募集中,別荘地,0
2026-05-31,四国,募集中,土地,4
2026-05-31,四国,募集中,土地及び建物,2
2026-05-31,四国,募集中,平屋,0
2026-05-31,四国,募集中,建物,0
2026-05-31,四国,募集中,農地,0
2026-05-31,四国,取引中止,,1
2026-05-31,四国,取引中止,アパート,0
2026-05-31,四国,取引中止,ビル,0
2026-05-31,四国,取引中止,マンション,0
2026-05-31,四国,取引中止,別荘地,0
2026-05-31,四国,取引中止,土地,1
2026-05-31,四国,取引中止,土地及び建物,0
2026-05-31,四国,取引中止,平屋,0
2026-05-31,四国,取引中止,建物,0
2026-05-31,四国,取引中止,農地,0
2026-05-31,四国,受付停止,,4
2026-05-31,四国,受付停止,アパート,0
2026-05-31,四国,受付停止,ビル,0
2026-05-31,四国,受付停止,マンション,2
2026-05-31,四国,受付停止,別荘地,0
2026-05-31,四国,受付停止,土地,1
2026-05-31,四国,受付停止,土地及び建物,1
2026-05-31,四国,受付停止,平屋,0
2026-05-31,四国,受付停止,建物,0
2026-05-31,四国,受付停止,農地,0
2026-05-31,四国,成約済,,72
2026-05-31,四国,成約済,アパート,0
2026-05-31,四国,成約済,ビル,0
2026-05-31,四国,成約済,マンション,16
2026-05-31,四国,成約済,別荘地,0
2026-05-31,四国,成約済,土地,14
2026-05-31,四国,成約済,土地及び建物,41
2026-05-31,四国,成約済,平屋,1
2026-05-31,四国,成約済,建物,1
2026-05-31,四国,成約済,農地,0
2026-05-31,東北,,,138
2026-05-31,東北,,アパート,0
2026-05-31,東北,,ビル,0
2026-05-31,東北,,マンション,0
2026-05-31,東北,,別荘地,0
2026-05-31,東北,,土地,48
2026-05-31,東北,,土地及び建物,89
2026-05-31,東北,,平屋,0
2026-05-31,東北,,建物,1
2026-05-31,東北,,農地,0
2026-05-31,東北,募集中,,21
2026-05-31,東北,募集中,アパート,0
2026-05-31,東北,募集中,ビル,0
2026-05-31,東北,募集中,マンション,0
2026-05-31,東北,募集中,別荘地,0
2026-05-31,東北,募集中,土地,11
2026-05-31,東北,募集中,土地及び建物,10
2026-05-31,東北,募集中,平屋,0
2026-05-31,東北,募集中,建物,0
2026-05-31,東北,募集中,農地,0
2026-05-31,東北,取引中止,,10
2026-05-31,東北,取引中止,アパート,0
2026-05-31,東北,取引中止,ビル,0
2026-05-31,東北,取引中止,マンション,0
2026-05-31,東北,取引中止,別荘地,0
2026-05-31,東北,取引中止,土地,2
2026-05-31,東北,取引中止,土地及び建物,8
2026-05-31,東北,取引中止,平屋,0
2026-05-31,東北,取引中止,建物,0
2026-05-31,東北,取引中止,農地,0
2026-05-31,東北,受付停止,,12
2026-05-31,東北,受付停止,アパート,0
2026-05-31,東北,受付停止,ビル,0
2026-05-31,東北,受付停止,マンション,0
2026-05-31,東北,受付停止,別荘地,0
2026-05-31,東北,受付停止,土地,4
2026-05-31,東北,受付停止,土地及び建物,8
2026-05-31,東北,受付停止,平屋,0
2026-05-31,東北,受付停止,建物,0
2026-05-31,東北,受付停止,農地,0
2026-05-31,東北,成約済,,95
2026-05-31,東北,成約済,アパート,0
2026-05-31,東北,成約済,ビル,0
2026-05-31,東北,成約済,マンション,0
2026-05-31,東北,成約済,別荘地,0
2026-05-31,東北,成約済,土地,31
2026-05-31,東北,成約済,土地及び建物,63
2026-05-31,東北,成約済,平屋,0
2026-05-31,東北,成約済,建物,1
2026-05-31,東北,成約済,農地,0
2026-05-31,東海,,,244
2026-05-31,東海,,アパート,0
2026-05-31,東海,,ビル,0
2026-05-31,東海,,マンション,7
2026-05-31,東海,,別荘地,45
2026-05-31,東海,,土地,177
2026-05-31,東海,,土地及び建物,57
2026-05-31,東海,,平屋,0
2026-05-31,東海,,建物,3
2026-05-31,東海,,農地,0
2026-05-31,東海,募集中,,32
2026-05-31,東海,募集中,アパート,0
2026-05-31,東海,募集中,ビル,0
2026-05-31,東海,募集中,マンション,2
2026-05-31,東海,募集中,別荘地,5
2026-05-31,東海,募集中,土地,26
2026-05-31,東海,募集中,土地及び建物,4
2026-05-31,東海,募集中,平屋,0
2026-05-31,東海,募集中,建物,0
2026-05-31,東海,募集中,農地,0
2026-05-31,東海,取引中止,,12
2026-05-31,東海,取引中止,アパート,0
2026-05-31,東海,取引中止,ビル,0
2026-05-31,東海,取引中止,マンション,1
2026-05-31,東海,取引中止,別荘地,2
2026-05-31,東海,取引中止,土地,6
2026-05-31,東海,取引中止,土地及び建物,5
2026-05-31,東海,取引中止,平屋,0
2026-05-31,東海,取引中止,建物,0
2026-05-31,東海,取引中止,農地,0
2026-05-31,東海,受付停止,,12
2026-05-31,東海,受付停止,アパート,0
2026-05-31,東海,受付停止,ビル,0
2026-05-31,東海,受付停止,マンション,1
2026-05-31,東海,受付停止,別荘地,0
2026-05-31,東海,受付停止,土地,8
2026-05-31,東海,受付停止,土地及び建物,3
2026-05-31,東海,受付停止,平屋,0
2026-05-31,東海,受付停止,建物,0
2026-05-31,東海,受付停止,農地,0
2026-05-31,東海,成約済,,187
2026-05-31,東海,成約済,アパート,0
2026-05-31,東海,成約済,ビル,0
2026-05-31,東海,成約済,マンション,3
2026-05-31,東海,成約済,別荘地,37
2026-05-31,東海,成約済,土地,136
2026-05-31,東海,成約済,土地及び建物,45
2026-05-31,東海,成約済,平屋,0
2026-05-31,東海,成約済,建物,3
2026-05-31,東海,成約済,農地,0
2026-05-31,甲信越,,,219
2026-05-31,甲信越,,アパート,0
2026-05-31,甲信越,,ビル,0
2026-05-31,甲信越,,マンション,43
2026-05-31,甲信越,,別荘地,22
2026-05-31,甲信越,,土地,101
2026-05-31,甲信越,,土地及び建物,72
2026-05-31,甲信越,,平屋,0
2026-05-31,甲信越,,建物,3
2026-05-31,甲信越,,農地,0
2026-05-31,甲信越,募集中,,19
2026-05-31,甲信越,募集中,アパート,0
2026-05-31,甲信越,募集中,ビル,0
2026-05-31,甲信越,募集中,マンション,1
2026-05-31,甲信越,募集中,別荘地,1
2026-05-31,甲信越,募集中,土地,12
2026-05-31,甲信越,募集中,土地及び建物,6
2026-05-31,甲信越,募集中,平屋,0
2026-05-31,甲信越,募集中,建物,0
2026-05-31,甲信越,募集中,農地,0
2026-05-31,甲信越,取引中止,,13
2026-05-31,甲信越,取引中止,アパート,0
2026-05-31,甲信越,取引中止,ビル,0
2026-05-31,甲信越,取引中止,マンション,1
2026-05-31,甲信越,取引中止,別荘地,0
2026-05-31,甲信越,取引中止,土地,4
2026-05-31,甲信越,取引中止,土地及び建物,8
2026-05-31,甲信越,取引中止,平屋,0
2026-05-31,甲信越,取引中止,建物,0
2026-05-31,甲信越,取引中止,農地,0
2026-05-31,甲信越,受付停止,,21
2026-05-31,甲信越,受付停止,アパート,0
2026-05-31,甲信越,受付停止,ビル,0
2026-05-31,甲信越,受付停止,マンション,5
2026-05-31,甲信越,受付停止,別荘地,0
2026-05-31,甲信越,受付停止,土地,10
2026-05-31,甲信越,受付停止,土地及び建物,6
2026-05-31,甲信越,受付停止,平屋,0
2026-05-31,甲信越,受付停止,建物,0
2026-05-31,甲信越,受付停止,農地,0
2026-05-31,甲信越,成約済,,166
2026-05-31,甲信越,成約済,アパート,0
2026-05-31,甲信越,成約済,ビル,0
2026-05-31,甲信越,成約済,マンション,36
2026-05-31,甲信越,成約済,別荘地,21
2026-05-31,甲信越,成約済,土地,75
2026-05-31,甲信越,成約済,土地及び建物,52
2026-05-31,甲信越,成約済,平屋,0
2026-05-31,甲信越,成約済,建物,3
2026-05-31,甲信越,成約済,農地,0
2026-05-31,近畿,,,109
2026-05-31,近畿,,アパート,0
2026-05-31,近畿,,ビル,0
2026-05-31,近畿,,マンション,5
2026-05-31,近畿,,別荘地,3
2026-05-31,近畿,,土地,60
2026-05-31,近畿,,土地及び建物,42
2026-05-31,近畿,,平屋,0
2026-05-31,近畿,,建物,2
2026-05-31,近畿,,農地,0
2026-05-31,近畿,募集中,,13
2026-05-31,近畿,募集中,アパート,0
2026-05-31,近畿,募集中,ビル,0
2026-05-31,近畿,募集中,マンション,0
2026-05-31,近畿,募集中,別荘地,1
2026-05-31,近畿,募集中,土地,9
2026-05-31,近畿,募集中,土地及び建物,4
2026-05-31,近畿,募集中,平屋,0
2026-05-31,近畿,募集中,建物,0
2026-05-31,近畿,募集中,農地,0
2026-05-31,近畿,取引中止,,11
2026-05-31,近畿,取引中止,アパート,0
2026-05-31,近畿,取引中止,ビル,0
2026-05-31,近畿,取引中止,マンション,0
2026-05-31,近畿,取引中止,別荘地,0
2026-05-31,近畿,取引中止,土地,3
2026-05-31,近畿,取引中止,土地及び建物,8
2026-05-31,近畿,取引中止,平屋,0
2026-05-31,近畿,取引中止,建物,0
2026-05-31,近畿,取引中止,農地,0
2026-05-31,近畿,受付停止,,9
2026-05-31,近畿,受付停止,アパート,0
2026-05-31,近畿,受付停止,ビル,0
2026-05-31,近畿,受付停止,マンション,0
2026-05-31,近畿,受付停止,別荘地,0
2026-05-31,近畿,受付停止,土地,4
2026-05-31,近畿,受付停止,土地及び建物,4
2026-05-31,近畿,受付停止,平屋,0
2026-05-31,近畿,受付停止,建物,1
2026-05-31,近畿,受付停止,農地,0
2026-05-31,近畿,成約済,,76
2026-05-31,近畿,成約済,アパート,0
2026-05-31,近畿,成約済,ビル,0
2026-05-31,近畿,成約済,マンション,5
2026-05-31,近畿,成約済,別荘地,2
2026-05-31,近畿,成約済,土地,44
2026-05-31,近畿,成約済,土地及び建物,26
2026-05-31,近畿,成約済,平屋,0
2026-05-31,近畿,成約済,建物,1
2026-05-31,近畿,成約済,農地,0
2026-05-31,関東,,,403
2026-05-31,関東,,アパート,0
2026-05-31,関東,,ビル,0
2026-05-31,関東,,マンション,17
2026-05-31,関東,,別荘地,18
2026-05-31,関東,,土地,338
2026-05-31,関東,,土地及び建物,46
2026-05-31,関東,,平屋,0
2026-05-31,関東,,建物,2
2026-05-31,関東,,農地,0
2026-05-31,関東,募集中,,44
2026-05-31,関東,募集中,アパート,0
2026-05-31,関東,募集中,ビル,0
2026-05-31,関東,募集中,マンション,1
2026-05-31,関東,募集中,別荘地,0
2026-05-31,関東,募集中,土地,40
2026-05-31,関東,募集中,土地及び建物,3
2026-05-31,関東,募集中,平屋,0
2026-05-31,関東,募集中,建物,0
2026-05-31,関東,募集中,農地,0
2026-05-31,関東,取引中止,,14
2026-05-31,関東,取引中止,アパート,0
2026-05-31,関東,取引中止,ビル,0
2026-05-31,関東,取引中止,マンション,1
2026-05-31,関東,取引中止,別荘地,3
2026-05-31,関東,取引中止,土地,12
2026-05-31,関東,取引中止,土地及び建物,1
2026-05-31,関東,取引中止,平屋,0
2026-05-31,関東,取引中止,建物,0
2026-05-31,関東,取引中止,農地,0
2026-05-31,関東,受付停止,,27
2026-05-31,関東,受付停止,アパート,0
2026-05-31,関東,受付停止,ビル,0
2026-05-31,関東,受付停止,マンション,3
2026-05-31,関東,受付停止,別荘地,0
2026-05-31,関東,受付停止,土地,20
2026-05-31,関東,受付停止,土地及び建物,4
2026-05-31,関東,受付停止,平屋,0
2026-05-31,関東,受付停止,建物,0
2026-05-31,関東,受付停止,農地,0
2026-05-31,関東,成約済,,318
2026-05-31,関東,成約済,アパート,0
2026-05-31,関東,成約済,ビル,0
2026-05-31,関東,成約済,マンション,12
2026-05-31,関東,成約済,別荘地,15
2026-05-31,関東,成約済,土地,266
2026-05-31,関東,成約済,土地及び建物,38
2026-05-31,関東,成約済,平屋,0
2026-05-31,関東,成約済,建物,2
2026-05-31,関東,成約済,農地,0
2026-06-01,,,アパート,1
2026-06-01,,,ビル,1
2026-06-01,,,マンション,98
2026-06-01,,,別荘地,89
2026-06-01,,,土地,970
2026-06-01,,,土地及び建物,758
2026-06-01,,,平屋,4
2026-06-01,,,建物,33
2026-06-01,,,農地,1
2026-06-01,,募集中,,198
2026-06-01,,募集中,アパート,0
2026-06-01,,募集中,ビル,0
2026-06-01,,募集中,マンション,7
2026-06-01,,募集中,別荘地,7
2026-06-01,,募集中,土地,132
2026-06-01,,募集中,土地及び建物,55
2026-06-01,,募集中,平屋,0
2026-06-01,,募集中,建物,4
2026-06-01,,募集中,農地,1
2026-06-01,,取引中止,,93
2026-06-01,,取引中止,アパート,1
2026-06-01,,取引中止,ビル,0
2026-06-01,,取引中止,マンション,3
2026-06-01,,取引中止,別荘地,5
2026-06-01,,取引中止,土地,33
2026-06-01,,取引中止,土地及び建物,52
2026-06-01,,取引中止,平屋,0
2026-06-01,,取引中止,建物,5
2026-06-01,,取引中止,農地,0
2026-06-01,,受付停止,,133
2026-06-01,,受付停止,アパート,0
2026-06-01,,受付停止,ビル,0
2026-06-01,,受付停止,マンション,11
2026-06-01,,受付停止,別荘地,0
2026-06-01,,受付停止,土地,65
2026-06-01,,受付停止,土地及び建物,56
2026-06-01,,受付停止,平屋,0
2026-06-01,,受付停止,建物,1
2026-06-01,,受付停止,農地,0
2026-06-01,,成約済,,1436
2026-06-01,,成約済,アパート,0
2026-06-01,,成約済,ビル,1
2026-06-01,,成約済,マンション,77
2026-06-01,,成約済,別荘地,76
2026-06-01,,成約済,土地,740
2026-06-01,,成約済,土地及び建物,596
2026-06-01,,成約済,平屋,4
2026-06-01,,成約済,建物,23
2026-06-01,,成約済,農地,0
2026-06-01,中国,,,166
2026-06-01,中国,,アパート,0
2026-06-01,中国,,ビル,0
2026-06-01,中国,,マンション,0
2026-06-01,中国,,別荘地,1
2026-06-01,中国,,土地,58
2026-06-01,中国,,土地及び建物,104
2026-06-01,中国,,平屋,2
2026-06-01,中国,,建物,4
2026-06-01,中国,,農地,1
2026-06-01,中国,募集中,,26
2026-06-01,中国,募集中,アパート,0
2026-06-01,中国,募集中,ビル,0
2026-06-01,中国,募集中,マンション,0
2026-06-01,中国,募集中,別荘地,0
2026-06-01,中国,募集中,土地,14
2026-06-01,中国,募集中,土地及び建物,12
2026-06-01,中国,募集中,平屋,0
2026-06-01,中国,募集中,建物,0
2026-06-01,中国,募集中,農地,1
2026-06-01,中国,取引中止,,6
2026-06-01,中国,取引中止,アパート,0
2026-06-01,中国,取引中止,ビル,0
2026-06-01,中国,取引中止,マンション,0
2026-06-01,中国,取引中止,別荘地,0
2026-06-01,中国,取引中止,土地,2
2026-06-01,中国,取引中止,土地及び建物,3
2026-06-01,中国,取引中止,平屋,0
2026-06-01,中国,取引中止,建物,1
2026-06-01,中国,取引中止,農地,0
2026-06-01,中国,受付停止,,13
2026-06-01,中国,受付停止,アパート,0
2026-06-01,中国,受付停止,ビル,0
2026-06-01,中国,受付停止,マンション,0
2026-06-01,中国,受付停止,別荘地,0
2026-06-01,中国,受付停止,土地,5
2026-06-01,中国,受付停止,土地及び建物,8
2026-06-01,中国,受付停止,平屋,0
2026-06-01,中国,受付停止,建物,0
2026-06-01,中国,受付停止,農地,0
2026-06-01,中国,成約済,,121
2026-06-01,中国,成約済,アパート,0
2026-06-01,中国,成約済,ビル,0
2026-06-01,中国,成約済,マンション,0
2026-06-01,中国,成約済,別荘地,1
2026-06-01,中国,成約済,土地,37
2026-06-01,中国,成約済,土地及び建物,81
2026-06-01,中国,成約済,平屋,2
2026-06-01,中国,成約済,建物,3
2026-06-01,中国,成約済,農地,0
2026-06-01,九州・沖縄,,,132
2026-06-01,九州・沖縄,,アパート,0
2026-06-01,九州・沖縄,,ビル,0
2026-06-01,九州・沖縄,,マンション,0
2026-06-01,九州・沖縄,,別荘地,0
2026-06-01,九州・沖縄,,土地,66
2026-06-01,九州・沖縄,,土地及び建物,65
2026-06-01,九州・沖縄,,平屋,1
2026-06-01,九州・沖縄,,建物,1
2026-06-01,九州・沖縄,,農地,0
2026-06-01,九州・沖縄,募集中,,16
2026-06-01,九州・沖縄,募集中,アパート,0
2026-06-01,九州・沖縄,募集中,ビル,0
2026-06-01,九州・沖縄,募集中,マンション,0
2026-06-01,九州・沖縄,募集中,別荘地,0
2026-06-01,九州・沖縄,募集中,土地,9
2026-06-01,九州・沖縄,募集中,土地及び建物,7
2026-06-01,九州・沖縄,募集中,平屋,0
2026-06-01,九州・沖縄,募集中,建物,0
2026-06-01,九州・沖縄,募集中,農地,0
2026-06-01,九州・沖縄,取引中止,,5
2026-06-01,九州・沖縄,取引中止,アパート,0
2026-06-01,九州・沖縄,取引中止,ビル,0
2026-06-01,九州・沖縄,取引中止,マンション,0
2026-06-01,九州・沖縄,取引中止,別荘地,0
2026-06-01,九州・沖縄,取引中止,土地,1
2026-06-01,九州・沖縄,取引中止,土地及び建物,4
2026-06-01,九州・沖縄,取引中止,平屋,0
2026-06-01,九州・沖縄,取引中止,建物,0
2026-06-01,九州・沖縄,取引中止,農地,0
2026-06-01,九州・沖縄,受付停止,,13
2026-06-01,九州・沖縄,受付停止,アパート,0
2026-06-01,九州・沖縄,受付停止,ビル,0
2026-06-01,九州・沖縄,受付停止,マンション,0
2026-06-01,九州・沖縄,受付停止,別荘地,0
2026-06-01,九州・沖縄,受付停止,土地,8
2026-06-01,九州・沖縄,受付停止,土地及び建物,5
2026-06-01,九州・沖縄,受付停止,平屋,0
2026-06-01,九州・沖縄,受付停止,建物,0
2026-06-01,九州・沖縄,受付停止,農地,0
2026-06-01,九州・沖縄,成約済,,98
2026-06-01,九州・沖縄,成約済,アパート,0
2026-06-01,九州・沖縄,成約済,ビル,0
2026-06-01,九州・沖縄,成約済,マンション,0
2026-06-01,九州・沖縄,成約済,別荘地,0
2026-06-01,九州・沖縄,成約済,土地,48
2026-06-01,九州・沖縄,成約済,土地及び建物,49
2026-06-01,九州・沖縄,成約済,平屋,1
2026-06-01,九州・沖縄,成約済,建物,1
2026-06-01,九州・沖縄,成約済,農地,0
2026-06-01,北海道,,,318
2026-06-01,北海道,,アパート,1
2026-06-01,北海道,,ビル,1
2026-06-01,北海道,,マンション,3
2026-06-01,北海道,,別荘地,0
2026-06-01,北海道,,土地,84
2026-06-01,北海道,,土地及び建物,215
2026-06-01,北海道,,平屋,0
2026-06-01,北海道,,建物,16
2026-06-01,北海道,,農地,0
2026-06-01,北海道,募集中,,14
2026-06-01,北海道,募集中,アパート,0
2026-06-01,北海道,募集中,ビル,0
2026-06-01,北海道,募集中,マンション,0
2026-06-01,北海道,募集中,別荘地,0
2026-06-01,北海道,募集中,土地,3
2026-06-01,北海道,募集中,土地及び建物,7
2026-06-01,北海道,募集中,平屋,0
2026-06-01,北海道,募集中,建物,4
2026-06-01,北海道,募集中,農地,0
2026-06-01,北海道,取引中止,,20
2026-06-01,北海道,取引中止,アパート,1
2026-06-01,北海道,取引中止,ビル,0
2026-06-01,北海道,取引中止,マンション,0
2026-06-01,北海道,取引中止,別荘地,0
2026-06-01,北海道,取引中止,土地,2
2026-06-01,北海道,取引中止,土地及び建物,14
2026-06-01,北海道,取引中止,平屋,0
2026-06-01,北海道,取引中止,建物,4
2026-06-01,北海道,取引中止,農地,0
2026-06-01,北海道,受付停止,,17
2026-06-01,北海道,受付停止,アパート,0
2026-06-01,北海道,受付停止,ビル,0
2026-06-01,北海道,受付停止,マンション,0
2026-06-01,北海道,受付停止,別荘地,0
2026-06-01,北海道,受付停止,土地,4
2026-06-01,北海道,受付停止,土地及び建物,13
2026-06-01,北海道,受付停止,平屋,0
2026-06-01,北海道,受付停止,建物,0
2026-06-01,北海道,受付停止,農地,0
2026-06-01,北海道,成約済,,269
2026-06-01,北海道,成約済,アパート,0
2026-06-01,北海道,成約済,ビル,1
2026-06-01,北海道,成約済,マンション,3
2026-06-01,北海道,成約済,別荘地,0
2026-06-01,北海道,成約済,土地,76
2026-06-01,北海道,成約済,土地及び建物,182
2026-06-01,北海道,成約済,平屋,0
2026-06-01,北海道,成約済,建物,8
2026-06-01,北海道,成約済,農地,0
2026-06-01,北陸,,,43
2026-06-01,北陸,,アパート,0
2026-06-01,北陸,,ビル,0
2026-06-01,北陸,,マンション,2
2026-06-01,北陸,,別荘地,0
2026-06-01,北陸,,土地,18
2026-06-01,北陸,,土地及び建物,23
2026-06-01,北陸,,平屋,0
2026-06-01,北陸,,建物,0
2026-06-01,北陸,,農地,0
2026-06-01,北陸,募集中,,4
2026-06-01,北陸,募集中,アパート,0
2026-06-01,北陸,募集中,ビル,0
2026-06-01,北陸,募集中,マンション,0
2026-06-01,北陸,募集中,別荘地,0
2026-06-01,北陸,募集中,土地,4
2026-06-01,北陸,募集中,土地及び建物,0
2026-06-01,北陸,募集中,平屋,0
2026-06-01,北陸,募集中,建物,0
2026-06-01,北陸,募集中,農地,0
2026-06-01,北陸,取引中止,,1
2026-06-01,北陸,取引中止,アパート,0
2026-06-01,北陸,取引中止,ビル,0
2026-06-01,北陸,取引中止,マンション,0
2026-06-01,北陸,取引中止,別荘地,0
2026-06-01,北陸,取引中止,土地,0
2026-06-01,北陸,取引中止,土地及び建物,1
2026-06-01,北陸,取引中止,平屋,0
2026-06-01,北陸,取引中止,建物,0
2026-06-01,北陸,取引中止,農地,0
2026-06-01,北陸,受付停止,,5
2026-06-01,北陸,受付停止,アパート,0
2026-06-01,北陸,受付停止,ビル,0
2026-06-01,北陸,受付停止,マンション,0
2026-06-01,北陸,受付停止,別荘地,0
2026-06-01,北陸,受付停止,土地,1
2026-06-01,北陸,受付停止,土地及び建物,4
2026-06-01,北陸,受付停止,平屋,0
2026-06-01,北陸,受付停止,建物,0
2026-06-01,北陸,受付停止,農地,0
2026-06-01,北陸,成約済,,33
2026-06-01,北陸,成約済,アパート,0
2026-06-01,北陸,成約済,ビル,0
2026-06-01,北陸,成約済,マンション,2
2026-06-01,北陸,成約済,別荘地,0
2026-06-01,北陸,成約済,土地,13
2026-06-01,北陸,成約済,土地及び建物,18
2026-06-01,北陸,成約済,平屋,0
2026-06-01,北陸,成約済,建物,0
2026-06-01,北陸,成約済,農地,0
2026-06-01,四国,,,86
2026-06-01,四国,,アパート,0
2026-06-01,四国,,ビル,0
2026-06-01,四国,,マンション,21
2026-06-01,四国,,別荘地,0
2026-06-01,四国,,土地,20
2026-06-01,四国,,土地及び建物,44
2026-06-01,四国,,平屋,1
2026-06-01,四国,,建物,1
2026-06-01,四国,,農地,0
2026-06-01,四国,募集中,,9
2026-06-01,四国,募集中,アパート,0
2026-06-01,四国,募集中,ビル,0
2026-06-01,四国,募集中,マンション,3
2026-06-01,四国,募集中,別荘地,0
2026-06-01,四国,募集中,土地,4
2026-06-01,四国,募集中,土地及び建物,2
2026-06-01,四国,募集中,平屋,0
2026-06-01,四国,募集中,建物,0
2026-06-01,四国,募集中,農地,0
2026-06-01,四国,取引中止,,1
2026-06-01,四国,取引中止,アパート,0
2026-06-01,四国,取引中止,ビル,0
2026-06-01,四国,取引中止,マンション,0
2026-06-01,四国,取引中止,別荘地,0
2026-06-01,四国,取引中止,土地,1
2026-06-01,四国,取引中止,土地及び建物,0
2026-06-01,四国,取引中止,平屋,0
2026-06-01,四国,取引中止,建物,0
2026-06-01,四国,取引中止,農地,0
2026-06-01,四国,受付停止,,4
2026-06-01,四国,受付停止,アパート,0
2026-06-01,四国,受付停止,ビル,0
2026-06-01,四国,受付停止,マンション,2
2026-06-01,四国,受付停止,別荘地,0
2026-06-01,四国,受付停止,土地,1
2026-06-01,四国,受付停止,土地及び建物,1
2026-06-01,四国,受付停止,平屋,0
2026-06-01,四国,受付停止,建物,0
2026-06-01,四国,受付停止,農地,0
2026-06-01,四国,成約済,,72
2026-06-01,四国,成約済,アパート,0
2026-06-01,四国,成約済,ビル,0
2026-06-01,四国,成約済,マンション,16
2026-06-01,四国,成約済,別荘地,0
2026-06-01,四国,成約済,土地,14
2026-06-01,四国,成約済,土地及び建物,41
2026-06-01,四国,成約済,平屋,1
2026-06-01,四国,成約済,建物,1
2026-06-01,四国,成約済,農地,0
2026-06-01,東北,,,138
2026-06-01,東北,,アパート,0
2026-06-01,東北,,ビル,0
2026-06-01,東北,,マンション,0
2026-06-01,東北,,別荘地,0
2026-06-01,東北,,土地,48
2026-06-01,東北,,土地及び建物,89
2026-06-01,東北,,平屋,0
2026-06-01,東北,,建物,1
2026-06-01,東北,,農地,0
2026-06-01,東北,募集中,,21
2026-06-01,東北,募集中,アパート,0
2026-06-01,東北,募集中,ビル,0
2026-06-01,東北,募集中,マンション,0
2026-06-01,東北,募集中,別荘地,0
2026-06-01,東北,募集中,土地,11
2026-06-01,東北,募集中,土地及び建物,10
2026-06-01,東北,募集中,平屋,0
2026-06-01,東北,募集中,建物,0
2026-06-01,東北,募集中,農地,0
2026-06-01,東北,取引中止,,10
2026-06-01,東北,取引中止,アパート,0
2026-06-01,東北,取引中止,ビル,0
2026-06-01,東北,取引中止,マンション,0
2026-06-01,東北,取引中止,別荘地,0
2026-06-01,東北,取引中止,土地,2
2026-06-01,東北,取引中止,土地及び建物,8
2026-06-01,東北,取引中止,平屋,0
2026-06-01,東北,取引中止,建物,0
2026-06-01,東北,取引中止,農地,0
2026-06-01,東北,受付停止,,12
2026-06-01,東北,受付停止,アパート,0
2026-06-01,東北,受付停止,ビル,0
2026-06-01,東北,受付停止,マンション,0
2026-06-01,東北,受付停止,別荘地,0
2026-06-01,東北,受付停止,土地,4
2026-06-01,東北,受付停止,土地及び建物,8
2026-06-01,東北,受付停止,平屋,0
2026-06-01,東北,受付停止,建物,0
2026-06-01,東北,受付停止,農地,0
2026-06-01,東北,成約済,,95
2026-06-01,東北,成約済,アパート,0
2026-06-01,東北,成約済,ビル,0
2026-06-01,東北,成約済,マンション,0
2026-06-01,東北,成約済,別荘地,0
2026-06-01,東北,成約済,土地,31
2026-06-01,東北,成約済,土地及び建物,63
2026-06-01,東北,成約済,平屋,0
2026-06-01,東北,成約済,建物,1
2026-06-01,東北,成約済,農地,0
2026-06-01,東海,,,244
2026-06-01,東海,,アパート,0
2026-06-01,東海,,ビル,0
2026-06-01,東海,,マンション,7
2026-06-01,東海,,別荘地,45
2026-06-01,東海,,土地,177
2026-06-01,東海,,土地及び建物,57
2026-06-01,東海,,平屋,0
2026-06-01,東海,,建物,3
2026-06-01,東海,,農地,0
2026-06-01,東海,募集中,,32
2026-06-01,東海,募集中,アパート,0
2026-06-01,東海,募集中,ビル,0
2026-06-01,東海,募集中,マンション,2
2026-06-01,東海,募集中,別荘地,5
2026-06-01,東海,募集中,土地,26
2026-06-01,東海,募集中,土地及び建物,4
2026-06-01,東海,募集中,平屋,0
2026-06-01,東海,募集中,建物,0
2026-06-01,東海,募集中,農地,0
2026-06-01,東海,取引中止,,12
2026-06-01,東海,取引中止,アパート,0
2026-06-01,東海,取引中止,ビル,0
2026-06-01,東海,取引中止,マンション,1
2026-06-01,東海,取引中止,別荘地,2
2026-06-01,東海,取引中止,土地,6
2026-06-01,東海,取引中止,土地及び建物,5
2026-06-01,東海,取引中止,平屋,0
2026-06-01,東海,取引中止,建物,0
2026-06-01,東海,取引中止,農地,0
2026-06-01,東海,受付停止,,12
2026-06-01,東海,受付停止,アパート,0
2026-06-01,東海,受付停止,ビル,0
2026-06-01,東海,受付停止,マンション,1
2026-06-01,東海,受付停止,別荘地,0
2026-06-01,東海,受付停止,土地,8
2026-06-01,東海,受付停止,土地及び建物,3
2026-06-01,東海,受付停止,平屋,0
2026-06-01,東海,受付停止,建物,0
2026-06-01,東海,受付停止,農地,0
2026-06-01,東海,成約済,,187
2026-06-01,東海,成約済,アパート,0
2026-06-01,東海,成約済,ビル,0
2026-06-01,東海,成約済,マンション,3
2026-06-01,東海,成約済,別荘地,37
2026-06-01,東海,成約済,土地,136
2026-06-01,東海,成約済,土地及び建物,45
2026-06-01,東海,成約済,平屋,0
2026-06-01,東海,成約済,建物,3
2026-06-01,東海,成約済,農地,0
2026-06-01,甲信越,,,219
2026-06-01,甲信越,,アパート,0
2026-06-01,甲信越,,ビル,0
2026-06-01,甲信越,,マンション,43
2026-06-01,甲信越,,別荘地,22
2026-06-01,甲信越,,土地,101
2026-06-01,甲信越,,土地及び建物,72
2026-06-01,甲信越,,平屋,0
2026-06-01,甲信越,,建物,3
2026-06-01,甲信越,,農地,0
2026-06-01,甲信越,募集中,,19
2026-06-01,甲信越,募集中,アパート,0
2026-06-01,甲信越,募集中,ビル,0
2026-06-01,甲信越,募集中,マンション,1
2026-06-01,甲信越,募集中,別荘地,1
2026-06-01,甲信越,募集中,土地,12
2026-06-01,甲信越,募集中,土地及び建物,6
2026-06-01,甲信越,募集中,平屋,0
2026-06-01,甲信越,募集中,建物,0
2026-06-01,甲信越,募集中,農地,0
2026-06-01,甲信越,取引中止,,13
2026-06-01,甲信越,取引中止,アパート,0
2026-06-01,甲信越,取引中止,ビル,0
2026-06-01,甲信越,取引中止,マンション,1
2026-06-01,甲信越,取引中止,別荘地,0
2026-06-01,甲信越,取引中止,土地,4
2026-06-01,甲信越,取引中止,土地及び建物,8
2026-06-01,甲信越,取引中止,平屋,0
2026-06-01,甲信越,取引中止,建物,0
2026-06-01,甲信越,取引中止,農地,0
2026-06-01,甲信越,受付停止,,21
2026-06-01,甲信越,受付停止,アパート,0
2026-06-01,甲信越,受付停止,ビル,0
2026-06-01,甲信越,受付停止,マンション,5
2026-06-01,甲信越,受付停止,別荘地,0
2026-06-01,甲信越,受付停止,土地,10
2026-06-01,甲信越,受付停止,土地及び建物,6
2026-06-01,甲信越,受付停止,平屋,0
2026-06-01,甲信越,受付停止,建物,0
2026-06-01,甲信越,受付停止,農地,0
2026-06-01,甲信越,成約済,,166
2026-06-01,甲信越,成約済,アパート,0
2026-06-01,甲信越,成約済,ビル,0
2026-06-01,甲信越,成約済,マンション,36
2026-06-01,甲信越,成約済,別荘地,21
2026-06-01,甲信越,成約済,土地,75
2026-06-01,甲信越,成約済,土地及び建物,52
2026-06-01,甲信越,成約済,平屋,0
2026-06-01,甲信越,成約済,建物,3
2026-06-01,甲信越,成約済,農地,0
2026-06-01,近畿,,,109
2026-06-01,近畿,,アパート,0
2026-06-01,近畿,,ビル,0
2026-06-01,近畿,,マンション,5
2026-06-01,近畿,,別荘地,3
2026-06-01,近畿,,土地,60
2026-06-01,近畿,,土地及び建物,42
2026-06-01,近畿,,平屋,0
2026-06-01,近畿,,建物,2
2026-06-01,近畿,,農地,0
2026-06-01,近畿,募集中,,13
2026-06-01,近畿,募集中,アパート,0
2026-06-01,近畿,募集中,ビル,0
2026-06-01,近畿,募集中,マンション,0
2026-06-01,近畿,募集中,別荘地,1
2026-06-01,近畿,募集中,土地,9
2026-06-01,近畿,募集中,土地及び建物,4
2026-06-01,近畿,募集中,平屋,0
2026-06-01,近畿,募集中,建物,0
2026-06-01,近畿,募集中,農地,0
2026-06-01,近畿,取引中止,,11
2026-06-01,近畿,取引中止,アパート,0
2026-06-01,近畿,取引中止,ビル,0
2026-06-01,近畿,取引中止,マンション,0
2026-06-01,近畿,取引中止,別荘地,0
2026-06-01,近畿,取引中止,土地,3
2026-06-01,近畿,取引中止,土地及び建物,8
2026-06-01,近畿,取引中止,平屋,0
2026-06-01,近畿,取引中止,建物,0
2026-06-01,近畿,取引中止,農地,0
2026-06-01,近畿,受付停止,,9
2026-06-01,近畿,受付停止,アパート,0
2026-06-01,近畿,受付停止,ビル,0
2026-06-01,近畿,受付停止,マンション,0
2026-06-01,近畿,受付停止,別荘地,0
2026-06-01,近畿,受付停止,土地,4
2026-06-01,近畿,受付停止,土地及び建物,4
2026-06-01,近畿,受付停止,平屋,0
2026-06-01,近畿,受付停止,建物,1
2026-06-01,近畿,受付停止,農地,0
2026-06-01,近畿,成約済,,76
2026-06-01,近畿,成約済,アパート,0
2026-06-01,近畿,成約済,ビル,0
2026-06-01,近畿,成約済,マンション,5
2026-06-01,近畿,成約済,別荘地,2
2026-06-01,近畿,成約済,土地,44
2026-06-01,近畿,成約済,土地及び建物,26
2026-06-01,近畿,成約済,平屋,0
2026-06-01,近畿,成約済,建物,1
2026-06-01,近畿,成約済,農地,0
2026-06-01,関東,,,403
2026-06-01,関東,,アパート,0
2026-06-01,関東,,ビル,0
2026-06-01,関東,,マンション,17
2026-06-01,関東,,別荘地,18
2026-06-01,関東,,土地,338
2026-06-01,関東,,土地及び建物,46
2026-06-01,関東,,平屋,0
2026-06-01,関東,,建物,2
2026-06-01,関東,,農地,0
2026-06-01,関東,募集中,,44
2026-06-01,関東,募集中,アパート,0
2026-06-01,関東,募集中,ビル,0
2026-06-01,関東,募集中,マンション,1
2026-06-01,関東,募集中,別荘地,0
2026-06-01,関東,募集中,土地,40
2026-06-01,関東,募集中,土地及び建物,3
2026-06-01,関東,募集中,平屋,0
2026-06-01,関東,募集中,建物,0
2026-06-01,関東,募集中,農地,0
2026-06-01,関東,取引中止,,14
2026-06-01,関東,取引中止,アパート,0
2026-06-01,関東,取引中止,ビル,0
2026-06-01,関東,取引中止,マンション,1
2026-06-01,関東,取引中止,別荘地,3
2026-06-01,関東,取引中止,土地,12
2026-06-01,関東,取引中止,土地及び建物,1
2026-06-01,関東,取引中止,平屋,0
2026-06-01,関東,取引中止,建物,0
2026-06-01,関東,取引中止,農地,0
2026-06-01,関東,受付停止,,27
2026-06-01,関東,受付停止,アパート,0
2026-06-01,関東,受付停止,ビル,0
2026-06-01,関東,受付停止,マンション,3
2026-06-01,関東,受付停止,別荘地,0
2026-06-01,関東,受付停止,土地,20
2026-06-01,関東,受付停止,土地及び建物,4
2026-06-01,関東,受付停止,平屋,0
2026-06-01,関東,受付停止,建物,0
2026-06-01,関東,受付停止,農地,0
2026-06-01,関東,成約済,,318
2026-06-01,関東,成約済,アパート,0
2026-06-01,関東,成約済,ビル,0
2026-06-01,関東,成約済,マンション,12
2026-06-01,関東,成約済,別荘地,15
2026-06-01,関東,成約済,土地,266
2026-06-01,関東,成約済,土地及び建物,38
2026-06-01,関東,成約済,平屋,0
2026-06-01,関東,成約済,建物,2
2026-06-01,関東,成約済,農地,0
2026-06-12,,,その他,1
2026-06-12,,,マンション,95
2026-06-12,,,土地のみ,941
2026-06-12,,,土地・建物,787
2026-06-12,,,建物のみ,30
2026-06-12,,募集中,,184
2026-06-12,,募集中,その他,0
2026-06-12,,募集中,マンション,5
2026-06-12,,募集中,土地のみ,116
2026-06-12,,募集中,土地・建物,60
2026-06-12,,募集中,建物のみ,3
2026-06-12,,取引中止,,139
2026-06-12,,取引中止,その他,0
2026-06-12,,取引中止,マンション,8
2026-06-12,,取引中止,土地のみ,56
2026-06-12,,取引中止,土地・建物,70
2026-06-12,,取引中止,建物のみ,5
2026-06-12,,受付停止,,25
2026-06-12,,受付停止,その他,0
2026-06-12,,受付停止,マンション,2
2026-06-12,,受付停止,土地のみ,14
2026-06-12,,受付停止,土地・建物,9
2026-06-12,,受付停止,建物のみ,0
2026-06-12,,成約済み,,1506
2026-06-12,,成約済み,その他,1
2026-06-12,,成約済み,マンション,80
2026-06-12,,成約済み,土地のみ,755
2026-06-12,,成約済み,土地・建物,648
2026-06-12,,成約済み,建物のみ,22
2026-06-12,中国,,,164
2026-06-12,中国,,その他,0
2026-06-12,中国,,マンション,0
2026-06-12,中国,,土地のみ,58
2026-06-12,中国,,土地・建物,104
2026-06-12,中国,,建物のみ,2
2026-06-12,中国,募集中,,23
2026-06-12,中国,募集中,その他,0
2026-06-12,中国,募集中,マンション,0
2026-06-12,中国,募集中,土地のみ,14
2026-06-12,中国,募集中,土地・建物,9
2026-06-12,中国,募集中,建物のみ,0
2026-06-12,中国,取引中止,,13
2026-06-12,中国,取引中止,その他,0
2026-06-12,中国,取引中止,マンション,0
2026-06-12,中国,取引中止,土地のみ,4
2026-06-12,中国,取引中止,土地・建物,8
2026-06-12,中国,取引中止,建物のみ,1
2026-06-12,中国,受付停止,,2
2026-06-12,中国,受付停止,その他,0
2026-06-12,中国,受付停止,マンション,0
2026-06-12,中国,受付停止,土地のみ,1
2026-06-12,中国,受付停止,土地・建物,1
2026-06-12,中国,受付停止,建物のみ,0
2026-06-12,中国,成約済み,,126
2026-06-12,中国,成約済み,その他,0
2026-06-12,中国,成約済み,マンション,0
2026-06-12,中国,成約済み,土地のみ,39
2026-06-12,中国,成約済み,土地・建物,86
2026-06-12,中国,成約済み,建物のみ,1
2026-06-12,中部,,,1
2026-06-12,中部,,その他,0
2026-06-12,中部,,マンション,0
2026-06-12,中部,,土地のみ,1
2026-06-12,中部,,土地・建物,0
2026-06-12,中部,,建物のみ,0
2026-06-12,中部,募集中,,1
2026-06-12,中部,募集中,その他,0
2026-06-12,中部,募集中,マンション,0
2026-06-12,中部,募集中,土地のみ,1
2026-06-12,中部,募集中,土地・建物,0
2026-06-12,中部,募集中,建物のみ,0
2026-06-12,中部,取引中止,,0
2026-06-12,中部,取引中止,その他,0
2026-06-12,中部,取引中止,マンション,0
2026-06-12,中部,取引中止,土地のみ,0
2026-06-12,中部,取引中止,土地・建物,0
2026-06-12,中部,取引中止,建物のみ,0
2026-06-12,中部,受付停止,,0
2026-06-12,中部,受付停止,その他,0
2026-06-12,中部,受付停止,マンション,0
2026-06-12,中部,受付停止,土地のみ,0
2026-06-12,中部,受付停止,土地・建物,0
2026-06-12,中部,受付停止,建物のみ,0
2026-06-12,中部,成約済み,,0
2026-06-12,中部,成約済み,その他,0
2026-06-12,中部,成約済み,マンション,0
2026-06-12,中部,成約済み,土地のみ,0
2026-06-12,中部,成約済み,土地・建物,0
2026-06-12,中部,成約済み,建物のみ,0
2026-06-12,九州・沖縄,,,127
2026-06-12,九州・沖縄,,その他,0
2026-06-12,九州・沖縄,,マンション,0
2026-06-12,九州・沖縄,,土地のみ,64
2026-06-12,九州・沖縄,,土地・建物,62
2026-06-12,九州・沖縄,,建物のみ,1
2026-06-12,九州・沖縄,募集中,,12
2026-06-12,九州・沖縄,募集中,その他,0
2026-06-12,九州・沖縄,募集中,マンション,0
2026-06-12,九州・沖縄,募集中,土地のみ,8
2026-06-12,九州・沖縄,募集中,土地・建物,4
2026-06-12,九州・沖縄,募集中,建物のみ,0
2026-06-12,九州・沖縄,取引中止,,8
2026-06-12,九州・沖縄,取引中止,その他,0
2026-06-12,九州・沖縄,取引中止,マンション,0
2026-06-12,九州・沖縄,取引中止,土地のみ,3
2026-06-12,九州・沖縄,取引中止,土地・建物,5
2026-06-12,九州・沖縄,取引中止,建物のみ,0
2026-06-12,九州・沖縄,受付停止,,1
2026-06-12,九州・沖縄,受付停止,その他,0
2026-06-12,九州・沖縄,受付停止,マンション,0
2026-06-12,九州・沖縄,受付停止,土地のみ,1
2026-06-12,九州・沖縄,受付停止,土地・建物,0
2026-06-12,九州・沖縄,受付停止,建物のみ,0
2026-06-12,九州・沖縄,成約済み,,106
2026-06-12,九州・沖縄,成約済み,その他,0
2026-06-12,九州・沖縄,成約済み,マンション,0
2026-06-12,九州・沖縄,成約済み,土地のみ,52
2026-06-12,九州・沖縄,成約済み,土地・建物,53
2026-06-12,九州・沖縄,成約済み,建物のみ,1
2026-06-12,北海道,,,313
2026-06-12,北海道,,その他,1
2026-06-12,北海道,,マンション,3
2026-06-12,北海道,,土地のみ,80
2026-06-12,北海道,,土地・建物,214
2026-06-12,北海道,,建物のみ,15
2026-06-12,北海道,募集中,,10
2026-06-12,北海道,募集中,その他,0
2026-06-12,北海道,募集中,マンション,0
2026-06-12,北海道,募集中,土地のみ,1
2026-06-12,北海道,募集中,土地・建物,6
2026-06-12,北海道,募集中,建物のみ,3
2026-06-12,北海道,取引中止,,20
2026-06-12,北海道,取引中止,その他,0
2026-06-12,北海道,取引中止,マンション,0
2026-06-12,北海道,取引中止,土地のみ,2
2026-06-12,北海道,取引中止,土地・建物,15
2026-06-12,北海道,取引中止,建物のみ,3
2026-06-12,北海道,受付停止,,1
2026-06-12,北海道,受付停止,その他,0
2026-06-12,北海道,受付停止,マンション,0
2026-06-12,北海道,受付停止,土地のみ,0
2026-06-12,北海道,受付停止,土地・建物,1
2026-06-12,北海道,受付停止,建物のみ,0
2026-06-12,北海道,成約済み,,282
2026-06-12,北海道,成約済み,その他,1
2026-06-12,北海道,成約済み,マンション,3
2026-06-12,北海道,成約済み,土地のみ,77
2026-06-12,北海道,成約済み,土地・建物,192
2026-06-12,北海道,成約済み,建物のみ,9
2026-06-12,北陸,,,43
2026-06-12,北陸,,その他,0
2026-06-12,北陸,,マンション,2
2026-06-12,北陸,,土地のみ,18
2026-06-12,北陸,,土地・建物,23
2026-06-12,北陸,,建物のみ,0
2026-06-12,北陸,募集中,,3
2026-06-12,北陸,募集中,その他,0
2026-06-12,北陸,募集中,マンション,0
2026-06-12,北陸,募集中,土地のみ,1
2026-06-12,北陸,募集中,土地・建物,2
2026-06-12,北陸,募集中,建物のみ,0
2026-06-12,北陸,取引中止,,2
2026-06-12,北陸,取引中止,その他,0
2026-06-12,北陸,取引中止,マンション,0
2026-06-12,北陸,取引中止,土地のみ,1
2026-06-12,北陸,取引中止,土地・建物,1
2026-06-12,北陸,取引中止,建物のみ,0
2026-06-12,北陸,受付停止,,1
2026-06-12,北陸,受付停止,その他,0
2026-06-12,北陸,受付停止,マンション,0
2026-06-12,北陸,受付停止,土地のみ,1
2026-06-12,北陸,受付停止,土地・建物,0
2026-06-12,北陸,受付停止,建物のみ,0
2026-06-12,北陸,成約済み,,37
2026-06-12,北陸,成約済み,その他,0
2026-06-12,北陸,成約済み,マンション,2
2026-06-12,北陸,成約済み,土地のみ,15
2026-06-12,北陸,成約済み,土地・建物,20
2026-06-12,北陸,成約済み,建物のみ,0
2026-06-12,四国,,,83
2026-06-12,四国,,その他,0
2026-06-12,四国,,マンション,20
2026-06-12,四国,,土地のみ,18
2026-06-12,四国,,土地・建物,44
2026-06-12,四国,,建物のみ,1
2026-06-12,四国,募集中,,7
2026-06-12,四国,募集中,その他,0
2026-06-12,四国,募集中,マンション,1
2026-06-12,四国,募集中,土地のみ,3
2026-06-12,四国,募集中,土地・建物,3
2026-06-12,四国,募集中,建物のみ,0
2026-06-12,四国,取引中止,,2
2026-06-12,四国,取引中止,その他,0
2026-06-12,四国,取引中止,マンション,1
2026-06-12,四国,取引中止,土地のみ,1
2026-06-12,四国,取引中止,土地・建物,0
2026-06-12,四国,取引中止,建物のみ,0
2026-06-12,四国,受付停止,,0
2026-06-12,四国,受付停止,その他,0
2026-06-12,四国,受付停止,マンション,0
2026-06-12,四国,受付停止,土地のみ,0
2026-06-12,四国,受付停止,土地・建物,0
2026-06-12,四国,受付停止,建物のみ,0
2026-06-12,四国,成約済み,,74
2026-06-12,四国,成約済み,その他,0
2026-06-12,四国,成約済み,マンション,18
2026-06-12,四国,成約済み,土地のみ,14
2026-06-12,四国,成約済み,土地・建物,41
2026-06-12,四国,成約済み,建物のみ,1
2026-06-12,東北,,,134
2026-06-12,東北,,その他,0
2026-06-12,東北,,マンション,0
2026-06-12,東北,,土地のみ,47
2026-06-12,東北,,土地・建物,86
2026-06-12,東北,,建物のみ,1
2026-06-12,東北,募集中,,18
2026-06-12,東北,募集中,その他,0
2026-06-12,東北,募集中,マンション,0
2026-06-12,東北,募集中,土地のみ,8
2026-06-12,東北,募集中,土地・建物,10
2026-06-12,東北,募集中,建物のみ,0
2026-06-12,東北,取引中止,,15
2026-06-12,東北,取引中止,その他,0
2026-06-12,東北,取引中止,マンション,0
2026-06-12,東北,取引中止,土地のみ,3
2026-06-12,東北,取引中止,土地・建物,12
2026-06-12,東北,取引中止,建物のみ,0
2026-06-12,東北,受付停止,,1
2026-06-12,東北,受付停止,その他,0
2026-06-12,東北,受付停止,マンション,0
2026-06-12,東北,受付停止,土地のみ,1
2026-06-12,東北,受付停止,土地・建物,0
2026-06-12,東北,受付停止,建物のみ,0
2026-06-12,東北,成約済み,,100
2026-06-12,東北,成約済み,その他,0
2026-06-12,東北,成約済み,マンション,0
2026-06-12,東北,成約済み,土地のみ,35
2026-06-12,東北,成約済み,土地・建物,64
2026-06-12,東北,成約済み,建物のみ,1
2026-06-12,東海,,,233
2026-06-12,東海,,その他,0
2026-06-12,東海,,マンション,6
2026-06-12,東海,,土地のみ,153
2026-06-12,東海,,土地・建物,71
2026-06-12,東海,,建物のみ,3
2026-06-12,東海,募集中,,18
2026-06-12,東海,募集中,その他,0
2026-06-12,東海,募集中,マンション,0
2026-06-12,東海,募集中,土地のみ,14
2026-06-12,東海,募集中,土地・建物,4
2026-06-12,東海,募集中,建物のみ,0
2026-06-12,東海,取引中止,,21
2026-06-12,東海,取引中止,その他,0
2026-06-12,東海,取引中止,マンション,3
2026-06-12,東海,取引中止,土地のみ,13
2026-06-12,東海,取引中止,土地・建物,5
2026-06-12,東海,取引中止,建物のみ,0
2026-06-12,東海,受付停止,,2
2026-06-12,東海,受付停止,その他,0
2026-06-12,東海,受付停止,マンション,0
2026-06-12,東海,受付停止,土地のみ,1
2026-06-12,東海,受付停止,土地・建物,1
2026-06-12,東海,受付停止,建物のみ,0
2026-06-12,東海,成約済み,,192
2026-06-12,東海,成約済み,その他,0
2026-06-12,東海,成約済み,マンション,3
2026-06-12,東海,成約済み,土地のみ,125
2026-06-12,東海,成約済み,土地・建物,61
2026-06-12,東海,成約済み,建物のみ,3
2026-06-12,甲信越,,,213
2026-06-12,甲信越,,その他,0
2026-06-12,甲信越,,マンション,41
2026-06-12,甲信越,,土地のみ,96
2026-06-12,甲信越,,土地・建物,73
2026-06-12,甲信越,,建物のみ,3
2026-06-12,甲信越,募集中,,13
2026-06-12,甲信越,募集中,その他,0
2026-06-12,甲信越,募集中,マンション,1
2026-06-12,甲信越,募集中,土地のみ,8
2026-06-12,甲信越,募集中,土地・建物,4
2026-06-12,甲信越,募集中,建物のみ,0
2026-06-12,甲信越,取引中止,,22
2026-06-12,甲信越,取引中止,その他,0
2026-06-12,甲信越,取引中止,マンション,2
2026-06-12,甲信越,取引中止,土地のみ,9
2026-06-12,甲信越,取引中止,土地・建物,11
2026-06-12,甲信越,取引中止,建物のみ,0
2026-06-12,甲信越,受付停止,,3
2026-06-12,甲信越,受付停止,その他,0
2026-06-12,甲信越,受付停止,マンション,1
2026-06-12,甲信越,受付停止,土地のみ,1
2026-06-12,甲信越,受付停止,土地・建物,1
2026-06-12,甲信越,受付停止,建物のみ,0
2026-06-12,甲信越,成約済み,,175
2026-06-12,甲信越,成約済み,その他,0
2026-06-12,甲信越,成約済み,マンション,37
2026-06-12,甲信越,成約済み,土地のみ,78
2026-06-12,甲信越,成約済み,土地・建物,57
2026-06-12,甲信越,成約済み,建物のみ,3
2026-06-12,近畿,,,105
2026-06-12,近畿,,その他,0
2026-06-12,近畿,,マンション,4
2026-06-12,近畿,,土地のみ,58
2026-06-12,近畿,,土地・建物,41
2026-06-12,近畿,,建物のみ,2
2026-06-12,近畿,募集中,,10
2026-06-12,近畿,募集中,その他,0
2026-06-12,近畿,募集中,マンション,0
2026-06-12,近畿,募集中,土地のみ,8
2026-06-12,近畿,募集中,土地・建物,2
2026-06-12,近畿,募集中,建物のみ,0
2026-06-12,近畿,取引中止,,16
2026-06-12,近畿,取引中止,その他,0
2026-06-12,近畿,取引中止,マンション,0
2026-06-12,近畿,取引中止,土地のみ,3
2026-06-12,近畿,取引中止,土地・建物,12
2026-06-12,近畿,取引中止,建物のみ,1
2026-06-12,近畿,受付停止,,3
2026-06-12,近畿,受付停止,その他,0
2026-06-12,近畿,受付停止,マンション,0
2026-06-12,近畿,受付停止,土地のみ,2
2026-06-12,近畿,受付停止,土地・建物,1
2026-06-12,近畿,受付停止,建物のみ,0
2026-06-12,近畿,成約済み,,76
2026-06-12,近畿,成約済み,その他,0
2026-06-12,近畿,成約済み,マンション,4
2026-06-12,近畿,成約済み,土地のみ,45
2026-06-12,近畿,成約済み,土地・建物,26
2026-06-12,近畿,成約済み,建物のみ,1
2026-06-12,関東,,,381
2026-06-12,関東,,その他,0
2026-06-12,関東,,マンション,15
2026-06-12,関東,,土地のみ,315
2026-06-12,関東,,土地・建物,49
2026-06-12,関東,,建物のみ,2
2026-06-12,関東,募集中,,26
2026-06-12,関東,募集中,その他,0
2026-06-12,関東,募集中,マンション,0
2026-06-12,関東,募集中,土地のみ,24
2026-06-12,関東,募集中,土地・建物,2
2026-06-12,関東,募集中,建物のみ,0
2026-06-12,関東,取引中止,,20
2026-06-12,関東,取引中止,その他,0
2026-06-12,関東,取引中止,マンション,2
2026-06-12,関東,取引中止,土地のみ,17
2026-06-12,関東,取引中止,土地・建物,1
2026-06-12,関東,取引中止,建物のみ,0
2026-06-12,関東,受付停止,,1
2026-06-12,関東,受付停止,その他,0
2026-06-12,関東,受付停止,マンション,0
2026-06-12,関東,受付停止,土地のみ,0
2026-06-12,関東,受付停止,土地・建物,1
2026-06-12,関東,受付停止,建物のみ,0
2026-06-12,関東,成約済み,,334
2026-06-12,関東,成約済み,その他,0
2026-06-12,関東,成約済み,マンション,13
2026-06-12,関東,成約済み,土地のみ,274
2026-06-12,関東,成約済み,土地・建物,45
2026-06-12,関東,成約済み,建物のみ,2
2026-06-13,,,その他,1
2026-06-13,,,マンション,95
2026-06-13,,,土地のみ,941
2026-06-13,,,土地・建物,787
2026-06-13,,,建物のみ,30
2026-06-13,,募集中,,183
2026-06-13,,募集中,その他,0
2026-06-13,,募集中,マンション,5
2026-06-13,,募集中,土地のみ,115
2026-06-13,,募集中,土地・建物,60
2026-06-13,,募集中,建物のみ,3
2026-06-13,,取引中止,,139
2026-06-13,,取引中止,その他,0
2026-06-13,,取引中止,マンション,8
2026-06-13,,取引中止,土地のみ,56
2026-06-13,,取引中止,土地・建物,70
2026-06-13,,取引中止,建物のみ,5
2026-06-13,,受付停止,,26
2026-06-13,,受付停止,その他,0
2026-06-13,,受付停止,マンション,2
2026-06-13,,受付停止,土地のみ,15
2026-06-13,,受付停止,土地・建物,9
2026-06-13,,受付停止,建物のみ,0
2026-06-13,,成約済み,,1506
2026-06-13,,成約済み,その他,1
2026-06-13,,成約済み,マンション,80
2026-06-13,,成約済み,土地のみ,755
2026-06-13,,成約済み,土地・建物,648
2026-06-13,,成約済み,建物のみ,22
2026-06-13,中国,,,164
2026-06-13,中国,,その他,0
2026-06-13,中国,,マンション,0
2026-06-13,中国,,土地のみ,58
2026-06-13,中国,,土地・建物,104
2026-06-13,中国,,建物のみ,2
2026-06-13,中国,募集中,,23
2026-06-13,中国,募集中,その他,0
2026-06-13,中国,募集中,マンション,0
2026-06-13,中国,募集中,土地のみ,14
2026-06-13,中国,募集中,土地・建物,9
2026-06-13,中国,募集中,建物のみ,0
2026-06-13,中国,取引中止,,13
2026-06-13,中国,取引中止,その他,0
2026-06-13,中国,取引中止,マンション,0
2026-06-13,中国,取引中止,土地のみ,4
2026-06-13,中国,取引中止,土地・建物,8
2026-06-13,中国,取引中止,建物のみ,1
2026-06-13,中国,受付停止,,2
2026-06-13,中国,受付停止,その他,0
2026-06-13,中国,受付停止,マンション,0
2026-06-13,中国,受付停止,土地のみ,1
2026-06-13,中国,受付停止,土地・建物,1
2026-06-13,中国,受付停止,建物のみ,0
2026-06-13,中国,成約済み,,126
2026-06-13,中国,成約済み,その他,0
2026-06-13,中国,成約済み,マンション,0
2026-06-13,中国,成約済み,土地のみ,39
2026-06-13,中国,成約済み,土地・建物,86
2026-06-13,中国,成約済み,建物のみ,1
2026-06-13,中部,,,1
2026-06-13,中部,,その他,0
2026-06-13,中部,,マンション,0
2026-06-13,中部,,土地のみ,1
2026-06-13,中部,,土地・建物,0
2026-06-13,中部,,建物のみ,0
2026-06-13,中部,募集中,,1
2026-06-13,中部,募集中,その他,0
2026-06-13,中部,募集中,マンション,0
2026-06-13,中部,募集中,土地のみ,1
2026-06-13,中部,募集中,土地・建物,0
2026-06-13,中部,募集中,建物のみ,0
2026-06-13,中部,取引中止,,0
2026-06-13,中部,取引中止,その他,0
2026-06-13,中部,取引中止,マンション,0
2026-06-13,中部,取引中止,土地のみ,0
2026-06-13,中部,取引中止,土地・建物,0
2026-06-13,中部,取引中止,建物のみ,0
2026-06-13,中部,受付停止,,0
2026-06-13,中部,受付停止,その他,0
2026-06-13,中部,受付停止,マンション,0
2026-06-13,中部,受付停止,土地のみ,0
2026-06-13,中部,受付停止,土地・建物,0
2026-06-13,中部,受付停止,建物のみ,0
2026-06-13,中部,成約済み,,0
2026-06-13,中部,成約済み,その他,0
2026-06-13,中部,成約済み,マンション,0
2026-06-13,中部,成約済み,土地のみ,0
2026-06-13,中部,成約済み,土地・建物,0
2026-06-13,中部,成約済み,建物のみ,0
2026-06-13,九州・沖縄,,,127
2026-06-13,九州・沖縄,,その他,0
2026-06-13,九州・沖縄,,マンション,0
2026-06-13,九州・沖縄,,土地のみ,64
2026-06-13,九州・沖縄,,土地・建物,62
2026-06-13,九州・沖縄,,建物のみ,1
2026-06-13,九州・沖縄,募集中,,12
2026-06-13,九州・沖縄,募集中,その他,0
2026-06-13,九州・沖縄,募集中,マンション,0
2026-06-13,九州・沖縄,募集中,土地のみ,8
2026-06-13,九州・沖縄,募集中,土地・建物,4
2026-06-13,九州・沖縄,募集中,建物のみ,0
2026-06-13,九州・沖縄,取引中止,,8
2026-06-13,九州・沖縄,取引中止,その他,0
2026-06-13,九州・沖縄,取引中止,マンション,0
2026-06-13,九州・沖縄,取引中止,土地のみ,3
2026-06-13,九州・沖縄,取引中止,土地・建物,5
2026-06-13,九州・沖縄,取引中止,建物のみ,0
2026-06-13,九州・沖縄,受付停止,,1
2026-06-13,九州・沖縄,受付停止,その他,0
2026-06-13,九州・沖縄,受付停止,マンション,0
2026-06-13,九州・沖縄,受付停止,土地のみ,1
2026-06-13,九州・沖縄,受付停止,土地・建物,0
2026-06-13,九州・沖縄,受付停止,建物のみ,0
2026-06-13,九州・沖縄,成約済み,,106
2026-06-13,九州・沖縄,成約済み,その他,0
2026-06-13,九州・沖縄,成約済み,マンション,0
2026-06-13,九州・沖縄,成約済み,土地のみ,52
2026-06-13,九州・沖縄,成約済み,土地・建物,53
2026-06-13,九州・沖縄,成約済み,建物のみ,1
2026-06-13,北海道,,,313
2026-06-13,北海道,,その他,1
2026-06-13,北海道,,マンション,3
2026-06-13,北海道,,土地のみ,80
2026-06-13,北海道,,土地・建物,214
2026-06-13,北海道,,建物のみ,15
2026-06-13,北海道,募集中,,10
2026-06-13,北海道,募集中,その他,0
2026-06-13,北海道,募集中,マンション,0
2026-06-13,北海道,募集中,土地のみ,1
2026-06-13,北海道,募集中,土地・建物,6
2026-06-13,北海道,募集中,建物のみ,3
2026-06-13,北海道,取引中止,,20
2026-06-13,北海道,取引中止,その他,0
2026-06-13,北海道,取引中止,マンション,0
2026-06-13,北海道,取引中止,土地のみ,2
2026-06-13,北海道,取引中止,土地・建物,15
2026-06-13,北海道,取引中止,建物のみ,3
2026-06-13,北海道,受付停止,,1
2026-06-13,北海道,受付停止,その他,0
2026-06-13,北海道,受付停止,マンション,0
2026-06-13,北海道,受付停止,土地のみ,0
2026-06-13,北海道,受付停止,土地・建物,1
2026-06-13,北海道,受付停止,建物のみ,0
2026-06-13,北海道,成約済み,,282
2026-06-13,北海道,成約済み,その他,1
2026-06-13,北海道,成約済み,マンション,3
2026-06-13,北海道,成約済み,土地のみ,77
2026-06-13,北海道,成約済み,土地・建物,192
2026-06-13,北海道,成約済み,建物のみ,9
2026-06-13,北陸,,,43
2026-06-13,北陸,,その他,0
2026-06-13,北陸,,マンション,2
2026-06-13,北陸,,土地のみ,18
2026-06-13,北陸,,土地・建物,23
2026-06-13,北陸,,建物のみ,0
2026-06-13,北陸,募集中,,3
2026-06-13,北陸,募集中,その他,0
2026-06-13,北陸,募集中,マンション,0
2026-06-13,北陸,募集中,土地のみ,1
2026-06-13,北陸,募集中,土地・建物,2
2026-06-13,北陸,募集中,建物のみ,0
2026-06-13,北陸,取引中止,,2
2026-06-13,北陸,取引中止,その他,0
2026-06-13,北陸,取引中止,マンション,0
2026-06-13,北陸,取引中止,土地のみ,1
2026-06-13,北陸,取引中止,土地・建物,1
2026-06-13,北陸,取引中止,建物のみ,0
2026-06-13,北陸,受付停止,,1
2026-06-13,北陸,受付停止,その他,0
2026-06-13,北陸,受付停止,マンション,0
2026-06-13,北陸,受付停止,土地のみ,1
2026-06-13,北陸,受付停止,土地・建物,0
2026-06-13,北陸,受付停止,建物のみ,0
2026-06-13,北陸,成約済み,,37
2026-06-13,北陸,成約済み,その他,0
2026-06-13,北陸,成約済み,マンション,2
2026-06-13,北陸,成約済み,土地のみ,15
2026-06-13,北陸,成約済み,土地・建物,20
2026-06-13,北陸,成約済み,建物のみ,0
2026-06-13,四国,,,83
2026-06-13,四国,,その他,0
2026-06-13,四国,,マンション,20
2026-06-13,四国,,土地のみ,18
2026-06-13,四国,,土地・建物,44
2026-06-13,四国,,建物のみ,1
2026-06-13,四国,募集中,,7
2026-06-13,四国,募集中,その他,0
2026-06-13,四国,募集中,マンション,1
2026-06-13,四国,募集中,土地のみ,3
2026-06-13,四国,募集中,土地・建物,3
2026-06-13,四国,募集中,建物のみ,0
2026-06-13,四国,取引中止,,2
2026-06-13,四国,取引中止,その他,0
2026-06-13,四国,取引中止,マンション,1
2026-06-13,四国,取引中止,土地のみ,1
2026-06-13,四国,取引中止,土地・建物,0
2026-06-13,四国,取引中止,建物のみ,0
2026-06-13,四国,受付停止,,0
2026-06-13,四国,受付停止,その他,0
2026-06-13,四国,受付停止,マンション,0
2026-06-13,四国,受付停止,土地のみ,0
2026-06-13,四国,受付停止,土地・建物,0
2026-06-13,四国,受付停止,建物のみ,0
2026-06-13,四国,成約済み,,74
2026-06-13,四国,成約済み,その他,0
2026-06-13,四国,成約済み,マンション,18
2026-06-13,四国,成約済み,土地のみ,14
2026-06-13,四国,成約済み,土地・建物,41
2026-06-13,四国,成約済み,建物のみ,1
2026-06-13,東北,,,134
2026-06-13,東北,,その他,0
2026-06-13,東北,,マンション,0
2026-06-13,東北,,土地のみ,47
2026-06-13,東北,,土地・建物,86
2026-06-13,東北,,建物のみ,1
2026-06-13,東北,募集中,,18
2026-06-13,東北,募集中,その他,0
2026-06-13,東北,募集中,マンション,0
2026-06-13,東北,募集中,土地のみ,8
2026-06-13,東北,募集中,土地・建物,10
2026-06-13,東北,募集中,建物のみ,0
2026-06-13,東北,取引中止,,15
2026-06-13,東北,取引中止,その他,0
2026-06-13,東北,取引中止,マンション,0
2026-06-13,東北,取引中止,土地のみ,3
2026-06-13,東北,取引中止,土地・建物,12
2026-06-13,東北,取引中止,建物のみ,0
2026-06-13,東北,受付停止,,1
2026-06-13,東北,受付停止,その他,0
2026-06-13,東北,受付停止,マンション,0
2026-06-13,東北,受付停止,土地のみ,1
2026-06-13,東北,受付停止,土地・建物,0
2026-06-13,東北,受付停止,建物のみ,0
2026-06-13,東北,成約済み,,100
2026-06-13,東北,成約済み,その他,0
2026-06-13,東北,成約済み,マンション,0
2026-06-13,東北,成約済み,土地のみ,35
2026-06-13,東北,成約済み,土地・建物,64
2026-06-13,東北,成約済み,建物のみ,1
2026-06-13,東海,,,233
2026-06-13,東海,,その他,0
2026-06-13,東海,,マンション,6
2026-06-13,東海,,土地のみ,153
2026-06-13,東海,,土地・建物,71
2026-06-13,東海,,建物のみ,3
2026-06-13,東海,募集中,,18
2026-06-13,東海,募集中,その他,0
2026-06-13,東海,募集中,マンション,0
2026-06-13,東海,募集中,土地のみ,14
2026-06-13,東海,募集中,土地・建物,4
2026-06-13,東海,募集中,建物のみ,0
2026-06-13,東海,取引中止,,21
2026-06-13,東海,取引中止,その他,0
2026-06-13,東海,取引中止,マンション,3
2026-06-13,東海,取引中止,土地のみ,13
2026-06-13,東海,取引中止,土地・建物,5
2026-06-13,東海,取引中止,建物のみ,0
2026-06-13,東海,受付停止,,2
2026-06-13,東海,受付停止,その他,0
2026-06-13,東海,受付停止,マンション,0
2026-06-13,東海,受付停止,土地のみ,1
2026-06-13,東海,受付停止,土地・建物,1
2026-06-13,東海,受付停止,建物のみ,0
2026-06-13,東海,成約済み,,192
2026-06-13,東海,成約済み,その他,0
2026-06-13,東海,成約済み,マンション,3
2026-06-13,東海,成約済み,土地のみ,125
2026-06-13,東海,成約済み,土地・建物,61
2026-06-13,東海,成約済み,建物のみ,3
2026-06-13,甲信越,,,213
2026-06-13,甲信越,,その他,0
2026-06-13,甲信越,,マンション,41
2026-06-13,甲信越,,土地のみ,96
2026-06-13,甲信越,,土地・建物,73
2026-06-13,甲信越,,建物のみ,3
2026-06-13,甲信越,募集中,,13
2026-06-13,甲信越,募集中,その他,0
2026-06-13,甲信越,募集中,マンション,1
2026-06-13,甲信越,募集中,土地のみ,8
2026-06-13,甲信越,募集中,土地・建物,4
2026-06-13,甲信越,募集中,建物のみ,0
2026-06-13,甲信越,取引中止,,22
2026-06-13,甲信越,取引中止,その他,0
2026-06-13,甲信越,取引中止,マンション,2
2026-06-13,甲信越,取引中止,土地のみ,9
2026-06-13,甲信越,取引中止,土地・建物,11
2026-06-13,甲信越,取引中止,建物のみ,0
2026-06-13,甲信越,受付停止,,3
2026-06-13,甲信越,受付停止,その他,0
2026-06-13,甲信越,受付停止,マンション,1
2026-06-13,甲信越,受付停止,土地のみ,1
2026-06-13,甲信越,受付停止,土地・建物,1
2026-06-13,甲信越,受付停止,建物のみ,0
2026-06-13,甲信越,成約済み,,175
2026-06-13,甲信越,成約済み,その他,0
2026-06-13,甲信越,成約済み,マンション,37
2026-06-13,甲信越,成約済み,土地のみ,78
2026-06-13,甲信越,成約済み,土地・建物,57
2026-06-13,甲信越,成約済み,建物のみ,3
2026-06-13,近畿,,,105
2026-06-13,近畿,,その他,0
2026-06-13,近畿,,マンション,4
2026-06-13,近畿,,土地のみ,58
2026-06-13,近畿,,土地・建物,41
2026-06-13,近畿,,建物のみ,2
2026-06-13,近畿,募集中,,10
2026-06-13,近畿,募集中,その他,0
2026-06-13,近畿,募集中,マンション,0
2026-06-13,近畿,募集中,土地のみ,8
2026-06-13,近畿,募集中,土地・建物,2
2026-06-13,近畿,募集中,建物のみ,0
2026-06-13,近畿,取引中止,,16
2026-06-13,近畿,取引中止,その他,0
2026-06-13,近畿,取引中止,マンション,0
2026-06-13,近畿,取引中止,土地のみ,3
2026-06-13,近畿,取引中止,土地・建物,12
2026-06-13,近畿,取引中止,建物のみ,1
2026-06-13,近畿,受付停止,,3
2026-06-13,近畿,受付停止,その他,0
2026-06-13,近畿,受付停止,マンション,0
2026-06-13,近畿,受付停止,土地のみ,2
2026-06-13,近畿,受付停止,土地・建物,1
2026-06-13,近畿,受付停止,建物のみ,0
2026-06-13,近畿,成約済み,,76
2026-06-13,近畿,成約済み,その他,0
2026-06-13,近畿,成約済み,マンション,4
2026-06-13,近畿,成約済み,土地のみ,45
2026-06-13,近畿,成約済み,土地・建物,26
2026-06-13,近畿,成約済み,建物のみ,1
2026-06-13,関東,,,381
2026-06-13,関東,,その他,0
2026-06-13,関東,,マンション,15
2026-06-13,関東,,土地のみ,315
2026-06-13,関東,,土地・建物,49
2026-06-13,関東,,建物のみ,2
2026-06-13,関東,募集中,,26
2026-06-13,関東,募集中,その他,0
2026-06-13,関東,募集中,マンション,0
2026-06-13,関東,募集中,土地のみ,24
2026-06-13,関東,募集中,土地・建物,2
2026-06-13,関東,募集中,建物のみ,0
2026-06-13,関東,取引中止,,20
2026-06-13,関東,取引中止,その他,0
2026-06-13,関東,取引中止,マンション,2
2026-06-13,関東,取引中止,土地のみ,17
2026-06-13,関東,取引中止,土地・建物,1
2026-06-13,関東,取引中止,建物のみ,0
2026-06-13,関東,受付停止,,1
2026-06-13,関東,受付停止,その他,0
2026-06-13,関東,受付停止,マンション,0
2026-06-13,関東,受付停止,土地のみ,0
2026-06-13,関東,受付停止,土地・建物,1
2026-06-13,関東,受付停止,建物のみ,0
2026-06-13,関東,成約済み,,334
2026-06-13,関東,成約済み,その他,0
2026-06-13,関東,成約済み,マンション,13
2026-06-13,関東,成約済み,土地のみ,274
2026-06-13,関東,成約済み,土地・建物,45
2026-06-13,関東,成約済み,建物のみ,2
2026-06-14,,,その他,1
2026-06-14,,,マンション,95
2026-06-14,,,土地のみ,942
2026-06-14,,,土地・建物,788
2026-06-14,,,建物のみ,30
2026-06-14,,募集中,,184
2026-06-14,,募集中,その他,0
2026-06-14,,募集中,マンション,5
2026-06-14,,募集中,土地のみ,116
2026-06-14,,募集中,土地・建物,60
2026-06-14,,募集中,建物のみ,3
2026-06-14,,取引中止,,139
2026-06-14,,取引中止,その他,0
2026-06-14,,取引中止,マンション,8
2026-06-14,,取引中止,土地のみ,56
2026-06-14,,取引中止,土地・建物,70
2026-06-14,,取引中止,建物のみ,5
2026-06-14,,受付停止,,27
2026-06-14,,受付停止,その他,0
2026-06-14,,受付停止,マンション,2
2026-06-14,,受付停止,土地のみ,15
2026-06-14,,受付停止,土地・建物,10
2026-06-14,,受付停止,建物のみ,0
2026-06-14,,成約済み,,1506
2026-06-14,,成約済み,その他,1
2026-06-14,,成約済み,マンション,80
2026-06-14,,成約済み,土地のみ,755
2026-06-14,,成約済み,土地・建物,648
2026-06-14,,成約済み,建物のみ,22
2026-06-14,中国,,,164
2026-06-14,中国,,その他,0
2026-06-14,中国,,マンション,0
2026-06-14,中国,,土地のみ,58
2026-06-14,中国,,土地・建物,104
2026-06-14,中国,,建物のみ,2
2026-06-14,中国,募集中,,23
2026-06-14,中国,募集中,その他,0
2026-06-14,中国,募集中,マンション,0
2026-06-14,中国,募集中,土地のみ,14
2026-06-14,中国,募集中,土地・建物,9
2026-06-14,中国,募集中,建物のみ,0
2026-06-14,中国,取引中止,,13
2026-06-14,中国,取引中止,その他,0
2026-06-14,中国,取引中止,マンション,0
2026-06-14,中国,取引中止,土地のみ,4
2026-06-14,中国,取引中止,土地・建物,8
2026-06-14,中国,取引中止,建物のみ,1
2026-06-14,中国,受付停止,,2
2026-06-14,中国,受付停止,その他,0
2026-06-14,中国,受付停止,マンション,0
2026-06-14,中国,受付停止,土地のみ,1
2026-06-14,中国,受付停止,土地・建物,1
2026-06-14,中国,受付停止,建物のみ,0
2026-06-14,中国,成約済み,,126
2026-06-14,中国,成約済み,その他,0
2026-06-14,中国,成約済み,マンション,0
2026-06-14,中国,成約済み,土地のみ,39
2026-06-14,中国,成約済み,土地・建物,86
2026-06-14,中国,成約済み,建物のみ,1
2026-06-14,中部,,,2
2026-06-14,中部,,その他,0
2026-06-14,中部,,マンション,0
2026-06-14,中部,,土地のみ,2
2026-06-14,中部,,土地・建物,0
2026-06-14,中部,,建物のみ,0
2026-06-14,中部,募集中,,2
2026-06-14,中部,募集中,その他,0
2026-06-14,中部,募集中,マンション,0
2026-06-14,中部,募集中,土地のみ,2
2026-06-14,中部,募集中,土地・建物,0
2026-06-14,中部,募集中,建物のみ,0
2026-06-14,中部,取引中止,,0
2026-06-14,中部,取引中止,その他,0
2026-06-14,中部,取引中止,マンション,0
2026-06-14,中部,取引中止,土地のみ,0
2026-06-14,中部,取引中止,土地・建物,0
2026-06-14,中部,取引中止,建物のみ,0
2026-06-14,中部,受付停止,,0
2026-06-14,中部,受付停止,その他,0
2026-06-14,中部,受付停止,マンション,0
2026-06-14,中部,受付停止,土地のみ,0
2026-06-14,中部,受付停止,土地・建物,0
2026-06-14,中部,受付停止,建物のみ,0
2026-06-14,中部,成約済み,,0
2026-06-14,中部,成約済み,その他,0
2026-06-14,中部,成約済み,マンション,0
2026-06-14,中部,成約済み,土地のみ,0
2026-06-14,中部,成約済み,土地・建物,0
2026-06-14,中部,成約済み,建物のみ,0
2026-06-14,九州・沖縄,,,127
2026-06-14,九州・沖縄,,その他,0
2026-06-14,九州・沖縄,,マンション,0
2026-06-14,九州・沖縄,,土地のみ,64
2026-06-14,九州・沖縄,,土地・建物,62
2026-06-14,九州・沖縄,,建物のみ,1
2026-06-14,九州・沖縄,募集中,,12
2026-06-14,九州・沖縄,募集中,その他,0
2026-06-14,九州・沖縄,募集中,マンション,0
2026-06-14,九州・沖縄,募集中,土地のみ,8
2026-06-14,九州・沖縄,募集中,土地・建物,4
2026-06-14,九州・沖縄,募集中,建物のみ,0
2026-06-14,九州・沖縄,取引中止,,8
2026-06-14,九州・沖縄,取引中止,その他,0
2026-06-14,九州・沖縄,取引中止,マンション,0
2026-06-14,九州・沖縄,取引中止,土地のみ,3
2026-06-14,九州・沖縄,取引中止,土地・建物,5
2026-06-14,九州・沖縄,取引中止,建物のみ,0
2026-06-14,九州・沖縄,受付停止,,1
2026-06-14,九州・沖縄,受付停止,その他,0
2026-06-14,九州・沖縄,受付停止,マンション,0
2026-06-14,九州・沖縄,受付停止,土地のみ,1
2026-06-14,九州・沖縄,受付停止,土地・建物,0
2026-06-14,九州・沖縄,受付停止,建物のみ,0
2026-06-14,九州・沖縄,成約済み,,106
2026-06-14,九州・沖縄,成約済み,その他,0
2026-06-14,九州・沖縄,成約済み,マンション,0
2026-06-14,九州・沖縄,成約済み,土地のみ,52
2026-06-14,九州・沖縄,成約済み,土地・建物,53
2026-06-14,九州・沖縄,成約済み,建物のみ,1
2026-06-14,北海道,,,313
2026-06-14,北海道,,その他,1
2026-06-14,北海道,,マンション,3
2026-06-14,北海道,,土地のみ,80
2026-06-14,北海道,,土地・建物,214
2026-06-14,北海道,,建物のみ,15
2026-06-14,北海道,募集中,,10
2026-06-14,北海道,募集中,その他,0
2026-06-14,北海道,募集中,マンション,0
2026-06-14,北海道,募集中,土地のみ,1
2026-06-14,北海道,募集中,土地・建物,6
2026-06-14,北海道,募集中,建物のみ,3
2026-06-14,北海道,取引中止,,20
2026-06-14,北海道,取引中止,その他,0
2026-06-14,北海道,取引中止,マンション,0
2026-06-14,北海道,取引中止,土地のみ,2
2026-06-14,北海道,取引中止,土地・建物,15
2026-06-14,北海道,取引中止,建物のみ,3
2026-06-14,北海道,受付停止,,1
2026-06-14,北海道,受付停止,その他,0
2026-06-14,北海道,受付停止,マンション,0
2026-06-14,北海道,受付停止,土地のみ,0
2026-06-14,北海道,受付停止,土地・建物,1
2026-06-14,北海道,受付停止,建物のみ,0
2026-06-14,北海道,成約済み,,282
2026-06-14,北海道,成約済み,その他,1
2026-06-14,北海道,成約済み,マンション,3
2026-06-14,北海道,成約済み,土地のみ,77
2026-06-14,北海道,成約済み,土地・建物,192
2026-06-14,北海道,成約済み,建物のみ,9
2026-06-14,北陸,,,43
2026-06-14,北陸,,その他,0
2026-06-14,北陸,,マンション,2
2026-06-14,北陸,,土地のみ,18
2026-06-14,北陸,,土地・建物,23
2026-06-14,北陸,,建物のみ,0
2026-06-14,北陸,募集中,,3
2026-06-14,北陸,募集中,その他,0
2026-06-14,北陸,募集中,マンション,0
2026-06-14,北陸,募集中,土地のみ,1
2026-06-14,北陸,募集中,土地・建物,2
2026-06-14,北陸,募集中,建物のみ,0
2026-06-14,北陸,取引中止,,2
2026-06-14,北陸,取引中止,その他,0
2026-06-14,北陸,取引中止,マンション,0
2026-06-14,北陸,取引中止,土地のみ,1
2026-06-14,北陸,取引中止,土地・建物,1
2026-06-14,北陸,取引中止,建物のみ,0
2026-06-14,北陸,受付停止,,1
2026-06-14,北陸,受付停止,その他,0
2026-06-14,北陸,受付停止,マンション,0
2026-06-14,北陸,受付停止,土地のみ,1
2026-06-14,北陸,受付停止,土地・建物,0
2026-06-14,北陸,受付停止,建物のみ,0
2026-06-14,北陸,成約済み,,37
2026-06-14,北陸,成約済み,その他,0
2026-06-14,北陸,成約済み,マンション,2
2026-06-14,北陸,成約済み,土地のみ,15
2026-06-14,北陸,成約済み,土地・建物,20
2026-06-14,北陸,成約済み,建物のみ,0
2026-06-14,四国,,,83
2026-06-14,四国,,その他,0
2026-06-14,四国,,マンション,20
2026-06-14,四国,,土地のみ,18
2026-06-14,四国,,土地・建物,44
2026-06-14,四国,,建物のみ,1
2026-06-14,四国,募集中,,7
2026-06-14,四国,募集中,その他,0
2026-06-14,四国,募集中,マンション,1
2026-06-14,四国,募集中,土地のみ,3
2026-06-14,四国,募集中,土地・建物,3
2026-06-14,四国,募集中,建物のみ,0
2026-06-14,四国,取引中止,,2
2026-06-14,四国,取引中止,その他,0
2026-06-14,四国,取引中止,マンション,1
2026-06-14,四国,取引中止,土地のみ,1
2026-06-14,四国,取引中止,土地・建物,0
2026-06-14,四国,取引中止,建物のみ,0
2026-06-14,四国,受付停止,,0
2026-06-14,四国,受付停止,その他,0
2026-06-14,四国,受付停止,マンション,0
2026-06-14,四国,受付停止,土地のみ,0
2026-06-14,四国,受付停止,土地・建物,0
2026-06-14,四国,受付停止,建物のみ,0
2026-06-14,四国,成約済み,,74
2026-06-14,四国,成約済み,その他,0
2026-06-14,四国,成約済み,マンション,18
2026-06-14,四国,成約済み,土地のみ,14
2026-06-14,四国,成約済み,土地・建物,41
2026-06-14,四国,成約済み,建物のみ,1
2026-06-14,東北,,,134
2026-06-14,東北,,その他,0
2026-06-14,東北,,マンション,0
2026-06-14,東北,,土地のみ,47
2026-06-14,東北,,土地・建物,86
2026-06-14,東北,,建物のみ,1
2026-06-14,東北,募集中,,18
2026-06-14,東北,募集中,その他,0
2026-06-14,東北,募集中,マンション,0
2026-06-14,東北,募集中,土地のみ,8
2026-06-14,東北,募集中,土地・建物,10
2026-06-14,東北,募集中,建物のみ,0
2026-06-14,東北,取引中止,,15
2026-06-14,東北,取引中止,その他,0
2026-06-14,東北,取引中止,マンション,0
2026-06-14,東北,取引中止,土地のみ,3
2026-06-14,東北,取引中止,土地・建物,12
2026-06-14,東北,取引中止,建物のみ,0
2026-06-14,東北,受付停止,,1
2026-06-14,東北,受付停止,その他,0
2026-06-14,東北,受付停止,マンション,0
2026-06-14,東北,受付停止,土地のみ,1
2026-06-14,東北,受付停止,土地・建物,0
2026-06-14,東北,受付停止,建物のみ,0
2026-06-14,東北,成約済み,,100
2026-06-14,東北,成約済み,その他,0
2026-06-14,東北,成約済み,マンション,0
2026-06-14,東北,成約済み,土地のみ,35
2026-06-14,東北,成約済み,土地・建物,64
2026-06-14,東北,成約済み,建物のみ,1
2026-06-14,東海,,,233
2026-06-14,東海,,その他,0
2026-06-14,東海,,マンション,6
2026-06-14,東海,,土地のみ,153
2026-06-14,東海,,土地・建物,71
2026-06-14,東海,,建物のみ,3
2026-06-14,東海,募集中,,18
2026-06-14,東海,募集中,その他,0
2026-06-14,東海,募集中,マンション,0
2026-06-14,東海,募集中,土地のみ,14
2026-06-14,東海,募集中,土地・建物,4
2026-06-14,東海,募集中,建物のみ,0
2026-06-14,東海,取引中止,,21
2026-06-14,東海,取引中止,その他,0
2026-06-14,東海,取引中止,マンション,3
2026-06-14,東海,取引中止,土地のみ,13
2026-06-14,東海,取引中止,土地・建物,5
2026-06-14,東海,取引中止,建物のみ,0
2026-06-14,東海,受付停止,,2
2026-06-14,東海,受付停止,その他,0
2026-06-14,東海,受付停止,マンション,0
2026-06-14,東海,受付停止,土地のみ,1
2026-06-14,東海,受付停止,土地・建物,1
2026-06-14,東海,受付停止,建物のみ,0
2026-06-14,東海,成約済み,,192
2026-06-14,東海,成約済み,その他,0
2026-06-14,東海,成約済み,マンション,3
2026-06-14,東海,成約済み,土地のみ,125
2026-06-14,東海,成約済み,土地・建物,61
2026-06-14,東海,成約済み,建物のみ,3
2026-06-14,甲信越,,,214
2026-06-14,甲信越,,その他,0
2026-06-14,甲信越,,マンション,41
2026-06-14,甲信越,,土地のみ,96
2026-06-14,甲信越,,土地・建物,74
2026-06-14,甲信越,,建物のみ,3
2026-06-14,甲信越,募集中,,14
2026-06-14,甲信越,募集中,その他,0
2026-06-14,甲信越,募集中,マンション,1
2026-06-14,甲信越,募集中,土地のみ,8
2026-06-14,甲信越,募集中,土地・建物,5
2026-06-14,甲信越,募集中,建物のみ,0
2026-06-14,甲信越,取引中止,,22
2026-06-14,甲信越,取引中止,その他,0
2026-06-14,甲信越,取引中止,マンション,2
2026-06-14,甲信越,取引中止,土地のみ,9
2026-06-14,甲信越,取引中止,土地・建物,11
2026-06-14,甲信越,取引中止,建物のみ,0
2026-06-14,甲信越,受付停止,,3
2026-06-14,甲信越,受付停止,その他,0
2026-06-14,甲信越,受付停止,マンション,1
2026-06-14,甲信越,受付停止,土地のみ,1
2026-06-14,甲信越,受付停止,土地・建物,1
2026-06-14,甲信越,受付停止,建物のみ,0
2026-06-14,甲信越,成約済み,,175
2026-06-14,甲信越,成約済み,その他,0
2026-06-14,甲信越,成約済み,マンション,37
2026-06-14,甲信越,成約済み,土地のみ,78
2026-06-14,甲信越,成約済み,土地・建物,57
2026-06-14,甲信越,成約済み,建物のみ,3
2026-06-14,近畿,,,105
2026-06-14,近畿,,その他,0
2026-06-14,近畿,,マンション,4
2026-06-14,近畿,,土地のみ,58
2026-06-14,近畿,,土地・建物,41
2026-06-14,近畿,,建物のみ,2
2026-06-14,近畿,募集中,,10
2026-06-14,近畿,募集中,その他,0
2026-06-14,近畿,募集中,マンション,0
2026-06-14,近畿,募集中,土地のみ,8
2026-06-14,近畿,募集中,土地・建物,2
2026-06-14,近畿,募集中,建物のみ,0
2026-06-14,近畿,取引中止,,16
2026-06-14,近畿,取引中止,その他,0
2026-06-14,近畿,取引中止,マンション,0
2026-06-14,近畿,取引中止,土地のみ,3
2026-06-14,近畿,取引中止,土地・建物,12
2026-06-14,近畿,取引中止,建物のみ,1
2026-06-14,近畿,受付停止,,3
2026-06-14,近畿,受付停止,その他,0
2026-06-14,近畿,受付停止,マンション,0
2026-06-14,近畿,受付停止,土地のみ,2
2026-06-14,近畿,受付停止,土地・建物,1
2026-06-14,近畿,受付停止,建物のみ,0
2026-06-14,近畿,成約済み,,76
2026-06-14,近畿,成約済み,その他,0
2026-06-14,近畿,成約済み,マンション,4
2026-06-14,近畿,成約済み,土地のみ,45
2026-06-14,近畿,成約済み,土地・建物,26
2026-06-14,近畿,成約済み,建物のみ,1
2026-06-14,関東,,,381
2026-06-14,関東,,その他,0
2026-06-14,関東,,マンション,15
2026-06-14,関東,,土地のみ,315
2026-06-14,関東,,土地・建物,49
2026-06-14,関東,,建物のみ,2
2026-06-14,関東,募集中,,25
2026-06-14,関東,募集中,その他,0
2026-06-14,関東,募集中,マンション,0
2026-06-14,関東,募集中,土地のみ,24
2026-06-14,関東,募集中,土地・建物,1
2026-06-14,関東,募集中,建物のみ,0
2026-06-14,関東,取引中止,,20
2026-06-14,関東,取引中止,その他,0
2026-06-14,関東,取引中止,マンション,2
2026-06-14,関東,取引中止,土地のみ,17
2026-06-14,関東,取引中止,土地・建物,1
2026-06-14,関東,取引中止,建物のみ,0
2026-06-14,関東,受付停止,,2
2026-06-14,関東,受付停止,その他,0
2026-06-14,関東,受付停止,マンション,0
2026-06-14,関東,受付停止,土地のみ,0
2026-06-14,関東,受付停止,土地・建物,2
2026-06-14,関東,受付停止,建物のみ,0
2026-06-14,関東,成約済み,,334
2026-06-14,関東,成約済み,その他,0
2026-06-14,関東,成約済み,マンション,13
2026-06-14,関東,成約済み,土地のみ,274
2026-06-14,関東,成約済み,土地・建物,45
2026-06-14,関東,成約済み,建物のみ,2
2026-06-15,,,その他,1
2026-06-15,,,マンション,95
2026-06-15,,,土地のみ,946
2026-06-15,,,土地・建物,791
2026-06-15,,,建物のみ,30
2026-06-15,,募集中,,188
2026-06-15,,募集中,その他,0
2026-06-15,,募集中,マンション,5
2026-06-15,,募集中,土地のみ,118
2026-06-15,,募集中,土地・建物,63
2026-06-15,,募集中,建物のみ,2
2026-06-15,,取引中止,,140
2026-06-15,,取引中止,その他,0
2026-06-15,,取引中止,マンション,8
2026-06-15,,取引中止,土地のみ,57
2026-06-15,,取引中止,土地・建物,70
2026-06-15,,取引中止,建物のみ,5
2026-06-15,,受付停止,,28
2026-06-15,,受付停止,その他,0
2026-06-15,,受付停止,マンション,2
2026-06-15,,受付停止,土地のみ,15
2026-06-15,,受付停止,土地・建物,10
2026-06-15,,受付停止,建物のみ,1
2026-06-15,,成約済み,,1507
2026-06-15,,成約済み,その他,1
2026-06-15,,成約済み,マンション,80
2026-06-15,,成約済み,土地のみ,756
2026-06-15,,成約済み,土地・建物,648
2026-06-15,,成約済み,建物のみ,22
2026-06-15,中国,,,164
2026-06-15,中国,,その他,0
2026-06-15,中国,,マンション,0
2026-06-15,中国,,土地のみ,58
2026-06-15,中国,,土地・建物,104
2026-06-15,中国,,建物のみ,2
2026-06-15,中国,募集中,,21
2026-06-15,中国,募集中,その他,0
2026-06-15,中国,募集中,マンション,0
2026-06-15,中国,募集中,土地のみ,12
2026-06-15,中国,募集中,土地・建物,9
2026-06-15,中国,募集中,建物のみ,0
2026-06-15,中国,取引中止,,14
2026-06-15,中国,取引中止,その他,0
2026-06-15,中国,取引中止,マンション,0
2026-06-15,中国,取引中止,土地のみ,5
2026-06-15,中国,取引中止,土地・建物,8
2026-06-15,中国,取引中止,建物のみ,1
2026-06-15,中国,受付停止,,2
2026-06-15,中国,受付停止,その他,0
2026-06-15,中国,受付停止,マンション,0
2026-06-15,中国,受付停止,土地のみ,1
2026-06-15,中国,受付停止,土地・建物,1
2026-06-15,中国,受付停止,建物のみ,0
2026-06-15,中国,成約済み,,127
2026-06-15,中国,成約済み,その他,0
2026-06-15,中国,成約済み,マンション,0
2026-06-15,中国,成約済み,土地のみ,40
2026-06-15,中国,成約済み,土地・建物,86
2026-06-15,中国,成約済み,建物のみ,1
2026-06-15,中部,,,2
2026-06-15,中部,,その他,0
2026-06-15,中部,,マンション,0
2026-06-15,中部,,土地のみ,2
2026-06-15,中部,,土地・建物,0
2026-06-15,中部,,建物のみ,0
2026-06-15,中部,募集中,,2
2026-06-15,中部,募集中,その他,0
2026-06-15,中部,募集中,マンション,0
2026-06-15,中部,募集中,土地のみ,2
2026-06-15,中部,募集中,土地・建物,0
2026-06-15,中部,募集中,建物のみ,0
2026-06-15,中部,取引中止,,0
2026-06-15,中部,取引中止,その他,0
2026-06-15,中部,取引中止,マンション,0
2026-06-15,中部,取引中止,土地のみ,0
2026-06-15,中部,取引中止,土地・建物,0
2026-06-15,中部,取引中止,建物のみ,0
2026-06-15,中部,受付停止,,0
2026-06-15,中部,受付停止,その他,0
2026-06-15,中部,受付停止,マンション,0
2026-06-15,中部,受付停止,土地のみ,0
2026-06-15,中部,受付停止,土地・建物,0
2026-06-15,中部,受付停止,建物のみ,0
2026-06-15,中部,成約済み,,0
2026-06-15,中部,成約済み,その他,0
2026-06-15,中部,成約済み,マンション,0
2026-06-15,中部,成約済み,土地のみ,0
2026-06-15,中部,成約済み,土地・建物,0
2026-06-15,中部,成約済み,建物のみ,0
2026-06-15,九州・沖縄,,,127
2026-06-15,九州・沖縄,,その他,0
2026-06-15,九州・沖縄,,マンション,0
2026-06-15,九州・沖縄,,土地のみ,64
2026-06-15,九州・沖縄,,土地・建物,62
2026-06-15,九州・沖縄,,建物のみ,1
2026-06-15,九州・沖縄,募集中,,12
2026-06-15,九州・沖縄,募集中,その他,0
2026-06-15,九州・沖縄,募集中,マンション,0
2026-06-15,九州・沖縄,募集中,土地のみ,8
2026-06-15,九州・沖縄,募集中,土地・建物,4
2026-06-15,九州・沖縄,募集中,建物のみ,0
2026-06-15,九州・沖縄,取引中止,,8
2026-06-15,九州・沖縄,取引中止,その他,0
2026-06-15,九州・沖縄,取引中止,マンション,0
2026-06-15,九州・沖縄,取引中止,土地のみ,3
2026-06-15,九州・沖縄,取引中止,土地・建物,5
2026-06-15,九州・沖縄,取引中止,建物のみ,0
2026-06-15,九州・沖縄,受付停止,,1
2026-06-15,九州・沖縄,受付停止,その他,0
2026-06-15,九州・沖縄,受付停止,マンション,0
2026-06-15,九州・沖縄,受付停止,土地のみ,1
2026-06-15,九州・沖縄,受付停止,土地・建物,0
2026-06-15,九州・沖縄,受付停止,建物のみ,0
2026-06-15,九州・沖縄,成約済み,,106
2026-06-15,九州・沖縄,成約済み,その他,0
2026-06-15,九州・沖縄,成約済み,マンション,0
2026-06-15,九州・沖縄,成約済み,土地のみ,52
2026-06-15,九州・沖縄,成約済み,土地・建物,53
2026-06-15,九州・沖縄,成約済み,建物のみ,1
2026-06-15,北海道,,,314
2026-06-15,北海道,,その他,1
2026-06-15,北海道,,マンション,3
2026-06-15,北海道,,土地のみ,80
2026-06-15,北海道,,土地・建物,215
2026-06-15,北海道,,建物のみ,15
2026-06-15,北海道,募集中,,10
2026-06-15,北海道,募集中,その他,0
2026-06-15,北海道,募集中,マンション,0
2026-06-15,北海道,募集中,土地のみ,1
2026-06-15,北海道,募集中,土地・建物,7
2026-06-15,北海道,募集中,建物のみ,2
2026-06-15,北海道,取引中止,,20
2026-06-15,北海道,取引中止,その他,0
2026-06-15,北海道,取引中止,マンション,0
2026-06-15,北海道,取引中止,土地のみ,2
2026-06-15,北海道,取引中止,土地・建物,15
2026-06-15,北海道,取引中止,建物のみ,3
2026-06-15,北海道,受付停止,,2
2026-06-15,北海道,受付停止,その他,0
2026-06-15,北海道,受付停止,マンション,0
2026-06-15,北海道,受付停止,土地のみ,0
2026-06-15,北海道,受付停止,土地・建物,1
2026-06-15,北海道,受付停止,建物のみ,1
2026-06-15,北海道,成約済み,,282
2026-06-15,北海道,成約済み,その他,1
2026-06-15,北海道,成約済み,マンション,3
2026-06-15,北海道,成約済み,土地のみ,77
2026-06-15,北海道,成約済み,土地・建物,192
2026-06-15,北海道,成約済み,建物のみ,9
2026-06-15,北陸,,,43
2026-06-15,北陸,,その他,0
2026-06-15,北陸,,マンション,2
2026-06-15,北陸,,土地のみ,18
2026-06-15,北陸,,土地・建物,23
2026-06-15,北陸,,建物のみ,0
2026-06-15,北陸,募集中,,3
2026-06-15,北陸,募集中,その他,0
2026-06-15,北陸,募集中,マンション,0
2026-06-15,北陸,募集中,土地のみ,1
2026-06-15,北陸,募集中,土地・建物,2
2026-06-15,北陸,募集中,建物のみ,0
2026-06-15,北陸,取引中止,,2
2026-06-15,北陸,取引中止,その他,0
2026-06-15,北陸,取引中止,マンション,0
2026-06-15,北陸,取引中止,土地のみ,1
2026-06-15,北陸,取引中止,土地・建物,1
2026-06-15,北陸,取引中止,建物のみ,0
2026-06-15,北陸,受付停止,,1
2026-06-15,北陸,受付停止,その他,0
2026-06-15,北陸,受付停止,マンション,0
2026-06-15,北陸,受付停止,土地のみ,1
2026-06-15,北陸,受付停止,土地・建物,0
2026-06-15,北陸,受付停止,建物のみ,0
2026-06-15,北陸,成約済み,,37
2026-06-15,北陸,成約済み,その他,0
2026-06-15,北陸,成約済み,マンション,2
2026-06-15,北陸,成約済み,土地のみ,15
2026-06-15,北陸,成約済み,土地・建物,20
2026-06-15,北陸,成約済み,建物のみ,0
2026-06-15,四国,,,84
2026-06-15,四国,,その他,0
2026-06-15,四国,,マンション,20
2026-06-15,四国,,土地のみ,19
2026-06-15,四国,,土地・建物,44
2026-06-15,四国,,建物のみ,1
2026-06-15,四国,募集中,,8
2026-06-15,四国,募集中,その他,0
2026-06-15,四国,募集中,マンション,1
2026-06-15,四国,募集中,土地のみ,4
2026-06-15,四国,募集中,土地・建物,3
2026-06-15,四国,募集中,建物のみ,0
2026-06-15,四国,取引中止,,2
2026-06-15,四国,取引中止,その他,0
2026-06-15,四国,取引中止,マンション,1
2026-06-15,四国,取引中止,土地のみ,1
2026-06-15,四国,取引中止,土地・建物,0
2026-06-15,四国,取引中止,建物のみ,0
2026-06-15,四国,受付停止,,0
2026-06-15,四国,受付停止,その他,0
2026-06-15,四国,受付停止,マンション,0
2026-06-15,四国,受付停止,土地のみ,0
2026-06-15,四国,受付停止,土地・建物,0
2026-06-15,四国,受付停止,建物のみ,0
2026-06-15,四国,成約済み,,74
2026-06-15,四国,成約済み,その他,0
2026-06-15,四国,成約済み,マンション,18
2026-06-15,四国,成約済み,土地のみ,14
2026-06-15,四国,成約済み,土地・建物,41
2026-06-15,四国,成約済み,建物のみ,1
2026-06-15,東北,,,135
2026-06-15,東北,,その他,0
2026-06-15,東北,,マンション,0
2026-06-15,東北,,土地のみ,47
2026-06-15,東北,,土地・建物,87
2026-06-15,東北,,建物のみ,1
2026-06-15,東北,募集中,,19
2026-06-15,東北,募集中,その他,0
2026-06-15,東北,募集中,マンション,0
2026-06-15,東北,募集中,土地のみ,8
2026-06-15,東北,募集中,土地・建物,11
2026-06-15,東北,募集中,建物のみ,0
2026-06-15,東北,取引中止,,15
2026-06-15,東北,取引中止,その他,0
2026-06-15,東北,取引中止,マンション,0
2026-06-15,東北,取引中止,土地のみ,3
2026-06-15,東北,取引中止,土地・建物,12
2026-06-15,東北,取引中止,建物のみ,0
2026-06-15,東北,受付停止,,1
2026-06-15,東北,受付停止,その他,0
2026-06-15,東北,受付停止,マンション,0
2026-06-15,東北,受付停止,土地のみ,1
2026-06-15,東北,受付停止,土地・建物,0
2026-06-15,東北,受付停止,建物のみ,0
2026-06-15,東北,成約済み,,100
2026-06-15,東北,成約済み,その他,0
2026-06-15,東北,成約済み,マンション,0
2026-06-15,東北,成約済み,土地のみ,35
2026-06-15,東北,成約済み,土地・建物,64
2026-06-15,東北,成約済み,建物のみ,1
2026-06-15,東海,,,233
2026-06-15,東海,,その他,0
2026-06-15,東海,,マンション,6
2026-06-15,東海,,土地のみ,153
2026-06-15,東海,,土地・建物,71
2026-06-15,東海,,建物のみ,3
2026-06-15,東海,募集中,,18
2026-06-15,東海,募集中,その他,0
2026-06-15,東海,募集中,マンション,0
2026-06-15,東海,募集中,土地のみ,14
2026-06-15,東海,募集中,土地・建物,4
2026-06-15,東海,募集中,建物のみ,0
2026-06-15,東海,取引中止,,21
2026-06-15,東海,取引中止,その他,0
2026-06-15,東海,取引中止,マンション,3
2026-06-15,東海,取引中止,土地のみ,13
2026-06-15,東海,取引中止,土地・建物,5
2026-06-15,東海,取引中止,建物のみ,0
2026-06-15,東海,受付停止,,2
2026-06-15,東海,受付停止,その他,0
2026-06-15,東海,受付停止,マンション,0
2026-06-15,東海,受付停止,土地のみ,1
2026-06-15,東海,受付停止,土地・建物,1
2026-06-15,東海,受付停止,建物のみ,0
2026-06-15,東海,成約済み,,192
2026-06-15,東海,成約済み,その他,0
2026-06-15,東海,成約済み,マンション,3
2026-06-15,東海,成約済み,土地のみ,125
2026-06-15,東海,成約済み,土地・建物,61
2026-06-15,東海,成約済み,建物のみ,3
2026-06-15,甲信越,,,215
2026-06-15,甲信越,,その他,0
2026-06-15,甲信越,,マンション,41
2026-06-15,甲信越,,土地のみ,96
2026-06-15,甲信越,,土地・建物,75
2026-06-15,甲信越,,建物のみ,3
2026-06-15,甲信越,募集中,,15
2026-06-15,甲信越,募集中,その他,0
2026-06-15,甲信越,募集中,マンション,1
2026-06-15,甲信越,募集中,土地のみ,8
2026-06-15,甲信越,募集中,土地・建物,6
2026-06-15,甲信越,募集中,建物のみ,0
2026-06-15,甲信越,取引中止,,22
2026-06-15,甲信越,取引中止,その他,0
2026-06-15,甲信越,取引中止,マンション,2
2026-06-15,甲信越,取引中止,土地のみ,9
2026-06-15,甲信越,取引中止,土地・建物,11
2026-06-15,甲信越,取引中止,建物のみ,0
2026-06-15,甲信越,受付停止,,3
2026-06-15,甲信越,受付停止,その他,0
2026-06-15,甲信越,受付停止,マンション,1
2026-06-15,甲信越,受付停止,土地のみ,1
2026-06-15,甲信越,受付停止,土地・建物,1
2026-06-15,甲信越,受付停止,建物のみ,0
2026-06-15,甲信越,成約済み,,175
2026-06-15,甲信越,成約済み,その他,0
2026-06-15,甲信越,成約済み,マンション,37
2026-06-15,甲信越,成約済み,土地のみ,78
2026-06-15,甲信越,成約済み,土地・建物,57
2026-06-15,甲信越,成約済み,建物のみ,3
2026-06-15,近畿,,,105
2026-06-15,近畿,,その他,0
2026-06-15,近畿,,マンション,4
2026-06-15,近畿,,土地のみ,58
2026-06-15,近畿,,土地・建物,41
2026-06-15,近畿,,建物のみ,2
2026-06-15,近畿,募集中,,10
2026-06-15,近畿,募集中,その他,0
2026-06-15,近畿,募集中,マンション,0
2026-06-15,近畿,募集中,土地のみ,8
2026-06-15,近畿,募集中,土地・建物,2
2026-06-15,近畿,募集中,建物のみ,0
2026-06-15,近畿,取引中止,,16
2026-06-15,近畿,取引中止,その他,0
2026-06-15,近畿,取引中止,マンション,0
2026-06-15,近畿,取引中止,土地のみ,3
2026-06-15,近畿,取引中止,土地・建物,12
2026-06-15,近畿,取引中止,建物のみ,1
2026-06-15,近畿,受付停止,,3
2026-06-15,近畿,受付停止,その他,0
2026-06-15,近畿,受付停止,マンション,0
2026-06-15,近畿,受付停止,土地のみ,2
2026-06-15,近畿,受付停止,土地・建物,1
2026-06-15,近畿,受付停止,建物のみ,0
2026-06-15,近畿,成約済み,,76
2026-06-15,近畿,成約済み,その他,0
2026-06-15,近畿,成約済み,マンション,4
2026-06-15,近畿,成約済み,土地のみ,45
2026-06-15,近畿,成約済み,土地・建物,26
2026-06-15,近畿,成約済み,建物のみ,1
2026-06-15,関東,,,382
2026-06-15,関東,,その他,0
2026-06-15,関東,,マンション,15
2026-06-15,関東,,土地のみ,316
2026-06-15,関東,,土地・建物,49
2026-06-15,関東,,建物のみ,2
2026-06-15,関東,募集中,,26
2026-06-15,関東,募集中,その他,0
2026-06-15,関東,募集中,マンション,0
2026-06-15,関東,募集中,土地のみ,25
2026-06-15,関東,募集中,土地・建物,1
2026-06-15,関東,募集中,建物のみ,0
2026-06-15,関東,取引中止,,20
2026-06-15,関東,取引中止,その他,0
2026-06-15,関東,取引中止,マンション,2
2026-06-15,関東,取引中止,土地のみ,17
2026-06-15,関東,取引中止,土地・建物,1
2026-06-15,関東,取引中止,建物のみ,0
2026-06-15,関東,受付停止,,2
2026-06-15,関東,受付停止,その他,0
2026-06-15,関東,受付停止,マンション,0
2026-06-15,関東,受付停止,土地のみ,0
2026-06-15,関東,受付停止,土地・建物,2
2026-06-15,関東,受付停止,建物のみ,0
2026-06-15,関東,成約済み,,334
2026-06-15,関東,成約済み,その他,0
2026-06-15,関東,成約済み,マンション,13
2026-06-15,関東,成約済み,土地のみ,274
2026-06-15,関東,成約済み,土地・建物,45
2026-06-15,関東,成約済み,建物のみ,2
